,image_name,corrossion_0.0,corrossion_0.33,corrossion_0.66,corrossion_1.0
0,image_0.jpg,0,0,1,0
1,image_1.jpg,0,0,1,0
2,image_2.jpg,1,0,0,0
3,image_3.jpg,0,0,1,0
4,image_4.jpg,0,0,1,0
5,image_5.jpg,0,1,0,0
6,image_6.jpg,1,0,0,0
8,image_9.jpg,0,1,0,0
10,image_14.jpg,0,0,0,1
11,image_15.jpg,1,0,0,0
12,image_17.jpg,1,0,0,0
13,image_18.jpg,0,0,1,0
15,image_20.jpg,0,0,1,0
16,image_21.jpg,0,1,0,0
17,image_22.jpg,0,1,0,0
22,image_27.jpg,0,0,1,0
23,image_28.jpg,1,0,0,0
24,image_29.jpg,0,1,0,0
27,image_32.jpg,0,0,0,1
29,image_34.jpg,0,0,1,0
30,image_35.jpg,0,0,1,0
31,image_36.jpg,1,0,0,0
35,image_42.jpg,0,0,1,0
36,image_43.jpg,1,0,0,0
40,image_51.jpg,0,0,1,0
41,image_53.jpg,0,0,0,1
43,image_57.jpg,0,0,1,0
45,image_59.jpg,0,0,1,0
47,image_61.jpg,0,0,1,0
48,image_62.jpg,1,0,0,0
49,image_63.jpg,0,0,1,0
50,image_64.jpg,0,0,1,0
52,image_71.jpg,0,0,1,0
53,image_73.jpg,0,0,0,1
54,image_74.jpg,0,1,0,0
55,image_75.jpg,0,0,0,1
57,image_78.jpg,0,0,1,0
59,image_80.jpg,0,0,1,0
62,image_86.jpg,0,0,0,1
68,image_95.jpg,0,0,1,0
69,image_96.jpg,1,0,0,0
70,image_98.jpg,0,1,0,0
71,image_99.jpg,0,0,0,1
74,image_104.jpg,0,0,0,1
75,image_105.jpg,0,1,0,0
76,image_106.jpg,0,0,1,0
77,image_107.jpg,0,1,0,0
78,image_108.jpg,1,0,0,0
79,image_109.jpg,0,0,0,1
81,image_111.jpg,0,0,1,0
82,image_112.jpg,0,0,1,0
83,image_113.jpg,0,1,0,0
85,image_116.jpg,1,0,0,0
86,image_117.jpg,1,0,0,0
87,image_118.jpg,0,1,0,0
90,image_124.jpg,0,0,1,0
91,image_125.jpg,0,0,0,1
92,image_126.jpg,0,1,0,0
93,image_128.jpg,0,0,0,1
96,image_133.jpg,0,0,0,1
97,image_134.jpg,0,1,0,0
98,image_136.jpg,0,0,1,0
99,image_137.jpg,0,1,0,0
101,image_139.jpg,0,1,0,0
102,image_140.jpg,1,0,0,0
104,image_143.jpg,0,0,0,1
105,image_144.jpg,0,0,0,1
107,image_146.jpg,0,0,1,0
108,image_147.jpg,1,0,0,0
109,image_148.jpg,0,0,1,0
111,image_151.jpg,0,1,0,0
112,image_152.jpg,0,1,0,0
114,image_155.jpg,0,0,1,0
115,image_156.jpg,0,1,0,0
116,image_157.jpg,0,0,0,1
117,image_158.jpg,0,0,1,0
118,image_159.jpg,0,0,0,1
119,image_160.jpg,0,0,0,1
121,image_163.jpg,0,0,1,0
122,image_164.jpg,1,0,0,0
125,image_169.jpg,0,0,0,1
126,image_170.jpg,0,1,0,0
128,image_175.jpg,0,0,1,0
129,image_177.jpg,0,1,0,0
130,image_178.jpg,0,0,0,1
131,image_179.jpg,1,0,0,0
137,image_186.jpg,0,1,0,0
139,image_188.jpg,1,0,0,0
140,image_190.jpg,0,0,1,0
141,image_192.jpg,0,1,0,0
143,image_195.jpg,0,0,0,1
144,image_196.jpg,0,1,0,0
145,image_197.jpg,0,1,0,0
146,image_199.jpg,0,0,0,1
147,image_201.jpg,0,0,1,0
149,image_204.jpg,0,1,0,0
151,image_207.jpg,0,1,0,0
152,image_208.jpg,0,1,0,0
153,image_211.jpg,0,0,1,0
154,image_212.jpg,0,0,0,1
155,image_214.jpg,0,0,1,0
157,image_217.jpg,0,0,1,0
158,image_218.jpg,1,0,0,0
159,image_219.jpg,0,0,1,0
161,image_221.jpg,1,0,0,0
164,image_224.jpg,0,0,1,0
166,image_226.jpg,0,1,0,0
167,image_228.jpg,0,0,0,1
168,image_232.jpg,0,0,0,1
169,image_233.jpg,0,0,0,1
170,image_234.jpg,0,0,0,1
171,image_236.jpg,0,0,1,0
172,image_238.jpg,0,0,1,0
173,image_240.jpg,0,0,1,0
175,image_242.jpg,0,0,1,0
176,image_243.jpg,1,0,0,0
178,image_245.jpg,0,0,0,1
181,image_248.jpg,1,0,0,0
182,image_249.jpg,0,0,1,0
183,image_250.jpg,1,0,0,0
184,image_251.jpg,0,0,0,1
186,image_253.jpg,0,1,0,0
187,image_254.jpg,1,0,0,0
190,image_257.jpg,1,0,0,0
191,image_258.jpg,1,0,0,0
194,image_261.jpg,0,0,0,1
195,image_262.jpg,1,0,0,0
196,image_263.jpg,0,1,0,0
197,image_264.jpg,0,1,0,0
198,image_266.jpg,0,0,0,1
199,image_268.jpg,0,1,0,0
200,image_269.jpg,0,0,1,0
201,image_272.jpg,0,0,0,1
204,image_275.jpg,1,0,0,0
206,image_277.jpg,0,1,0,0
207,image_278.jpg,1,0,0,0
210,image_286.jpg,0,1,0,0
211,image_288.jpg,0,0,0,1
212,image_290.jpg,0,0,1,0
213,image_291.jpg,0,0,1,0
214,image_294.jpg,0,0,1,0
215,image_296.jpg,0,1,0,0
216,image_297.jpg,1,0,0,0
217,image_298.jpg,0,0,0,1
218,image_300.jpg,1,0,0,0
219,image_301.jpg,0,0,0,1
220,image_305.jpg,0,0,0,1
221,image_306.jpg,0,0,0,1
222,image_307.jpg,0,0,1,0
223,image_308.jpg,0,0,1,0
225,image_310.jpg,0,0,1,0
226,image_316.jpg,0,0,0,1
227,image_317.jpg,0,1,0,0
230,image_328.jpg,0,1,0,0
232,image_332.jpg,0,0,0,1
233,image_333.jpg,0,1,0,0
234,image_334.jpg,0,1,0,0
236,image_336.jpg,1,0,0,0
237,image_337.jpg,1,0,0,0
242,image_342.jpg,1,0,0,0
243,image_343.jpg,0,1,0,0
244,image_344.jpg,0,0,0,1
249,image_349.jpg,0,0,1,0
251,image_351.jpg,1,0,0,0
253,image_353.jpg,0,0,0,1
254,image_354.jpg,0,1,0,0
255,image_355.jpg,0,0,0,1
257,image_357.jpg,1,0,0,0
258,image_358.jpg,0,1,0,0
261,image_361.jpg,0,1,0,0
262,image_362.jpg,0,0,1,0
264,image_364.jpg,0,1,0,0
267,image_371.jpg,1,0,0,0
268,image_380.jpg,0,1,0,0
269,image_385.jpg,0,0,0,1
272,image_401.jpg,1,0,0,0
273,image_403.jpg,1,0,0,0
274,image_404.jpg,1,0,0,0
275,image_405.jpg,0,1,0,0
277,image_407.jpg,0,1,0,0
278,image_408.jpg,0,1,0,0
282,image_412.jpg,0,0,1,0
284,image_414.jpg,1,0,0,0
286,image_416.jpg,0,1,0,0
288,image_418.jpg,0,0,0,1
289,image_419.jpg,0,1,0,0
290,image_420.jpg,0,1,0,0
292,image_422.jpg,0,1,0,0
295,image_425.jpg,0,0,1,0
298,image_428.jpg,0,1,0,0
300,image_430.jpg,1,0,0,0
303,image_433.jpg,0,0,1,0
304,image_435.jpg,0,0,0,1
306,image_442.jpg,0,1,0,0
307,image_443.jpg,0,0,0,1
308,image_446.jpg,0,0,0,1
309,image_447.jpg,0,1,0,0
310,image_448.jpg,1,0,0,0
311,image_453.jpg,0,0,0,1
312,image_454.jpg,0,0,0,1
313,image_463.jpg,0,1,0,0
314,image_470.jpg,1,0,0,0
315,image_472.jpg,0,1,0,0
316,image_473.jpg,0,1,0,0
318,image_475.jpg,0,1,0,0
319,image_478.jpg,0,0,0,1
320,image_479.jpg,1,0,0,0
321,image_482.jpg,0,1,0,0
322,image_485.jpg,0,1,0,0
323,image_489.jpg,0,1,0,0
324,image_494.jpg,0,1,0,0
325,image_496.jpg,0,0,1,0
328,image_503.jpg,0,1,0,0
329,image_505.jpg,0,0,0,1
330,image_506.jpg,1,0,0,0
331,image_507.jpg,0,0,0,1
334,image_512.jpg,0,0,0,1
335,image_514.jpg,0,0,1,0
337,image_516.jpg,0,0,0,1
338,image_519.jpg,0,1,0,0
339,image_520.jpg,1,0,0,0
340,image_522.jpg,0,0,1,0
341,image_525.jpg,0,0,1,0
342,image_528.jpg,0,0,1,0
343,image_530.jpg,0,0,1,0
344,image_531.jpg,0,1,0,0
345,image_538.jpg,0,1,0,0
346,image_539.jpg,0,1,0,0
347,image_541.jpg,0,1,0,0
348,image_542.jpg,0,0,0,1
351,image_552.jpg,0,1,0,0
352,image_553.jpg,0,0,1,0
354,image_557.jpg,0,0,1,0
355,image_558.jpg,0,0,1,0
356,image_559.jpg,0,0,1,0
357,image_561.jpg,0,1,0,0
358,image_562.jpg,1,0,0,0
359,image_565.jpg,0,0,0,1
360,image_567.jpg,0,0,0,1
362,image_573.jpg,0,0,1,0
363,image_574.jpg,0,0,1,0
365,image_577.jpg,0,1,0,0
366,image_579.jpg,0,1,0,0
367,image_581.jpg,1,0,0,0
368,image_585.jpg,0,1,0,0
369,image_588.jpg,0,0,1,0
370,image_590.jpg,0,1,0,0
371,image_591.jpg,0,1,0,0
372,image_592.jpg,0,0,0,1
373,image_595.jpg,0,1,0,0
374,image_597.jpg,0,0,0,1
375,image_601.jpg,0,1,0,0
376,image_603.jpg,0,0,1,0
378,image_605.jpg,0,0,0,1
379,image_606.jpg,0,0,1,0
380,image_609.jpg,0,0,0,1
382,image_612.jpg,0,0,1,0
383,image_616.jpg,0,1,0,0
384,image_618.jpg,0,1,0,0
386,image_620.jpg,0,0,1,0
388,image_627.jpg,0,1,0,0
389,image_630.jpg,0,0,1,0
390,image_632.jpg,0,0,0,1
391,image_633.jpg,0,1,0,0
392,image_635.jpg,0,0,1,0
393,image_641.jpg,0,0,0,1
395,image_649.jpg,0,0,1,0
396,image_650.jpg,0,0,0,1
397,image_651.jpg,0,1,0,0
398,image_652.jpg,0,1,0,0
399,image_658.jpg,0,1,0,0
400,image_659.jpg,0,1,0,0
401,image_660.jpg,0,1,0,0
404,image_667.jpg,0,0,1,0
405,image_669.jpg,0,0,1,0
406,image_670.jpg,0,1,0,0
407,image_673.jpg,1,0,0,0
408,image_677.jpg,0,0,1,0
409,image_678.jpg,0,0,1,0
410,image_679.jpg,0,1,0,0
411,image_681.jpg,0,1,0,0
412,image_686.jpg,0,0,1,0
413,image_691.jpg,0,0,1,0
414,image_693.jpg,0,0,1,0
415,image_697.jpg,0,1,0,0
416,image_699.jpg,0,0,0,1
417,image_700.jpg,0,0,0,1
418,image_702.jpg,0,0,1,0
419,image_703.jpg,0,0,1,0
420,image_704.jpg,0,1,0,0
421,image_706.jpg,0,0,0,1
422,image_707.jpg,1,0,0,0
423,image_708.jpg,0,0,1,0
424,image_709.jpg,0,1,0,0
427,image_723.jpg,0,0,0,1
428,image_725.jpg,0,1,0,0
429,image_726.jpg,0,0,1,0
430,image_733.jpg,0,1,0,0
432,image_744.jpg,0,0,0,1
433,image_752.jpg,0,0,1,0
434,image_755.jpg,0,0,0,1
436,image_759.jpg,0,0,0,1
438,image_770.jpg,0,1,0,0
439,image_772.jpg,0,1,0,0
440,image_773.jpg,0,1,0,0
441,image_774.jpg,0,1,0,0
442,image_775.jpg,0,1,0,0
443,image_778.jpg,0,0,0,1
444,image_782.jpg,0,0,0,1
445,image_786.jpg,0,1,0,0
446,image_788.jpg,0,1,0,0
447,image_794.jpg,0,0,0,1
448,image_796.jpg,0,0,0,1
449,image_797.jpg,0,0,0,1
450,image_799.jpg,0,1,0,0
452,image_801.jpg,0,1,0,0
453,image_802.jpg,0,0,0,1
454,image_806.jpg,0,0,1,0
455,image_810.jpg,0,0,0,1
456,image_811.jpg,0,1,0,0
458,image_817.jpg,0,1,0,0
459,image_818.jpg,0,0,0,1
460,image_819.jpg,1,0,0,0
461,image_821.jpg,0,0,1,0
462,image_822.jpg,0,1,0,0
463,image_823.jpg,0,1,0,0
464,image_825.jpg,0,0,0,1
466,image_828.jpg,0,0,0,1
468,image_832.jpg,1,0,0,0
470,image_835.jpg,1,0,0,0
471,image_836.jpg,0,1,0,0
474,image_842.jpg,0,1,0,0
475,image_843.jpg,0,0,1,0
476,image_845.jpg,0,0,1,0
477,image_846.jpg,1,0,0,0
479,image_848.jpg,0,0,1,0
480,image_849.jpg,0,0,1,0
481,image_851.jpg,0,0,1,0
482,image_853.jpg,0,0,0,1
484,image_856.jpg,0,0,1,0
485,image_857.jpg,0,0,0,1
486,image_858.jpg,0,0,1,0
488,image_861.jpg,1,0,0,0
489,image_863.jpg,0,1,0,0
491,image_867.jpg,0,1,0,0
493,image_870.jpg,0,1,0,0
495,image_872.jpg,0,1,0,0
498,image_877.jpg,0,1,0,0
499,image_878.jpg,1,0,0,0
500,image_879.jpg,0,1,0,0
503,image_884.jpg,1,0,0,0
504,image_886.jpg,1,0,0,0
506,image_920.jpg,1,0,0,0
507,image_929.jpg,1,0,0,0
508,image_942.jpg,1,0,0,0
509,image_947.jpg,1,0,0,0
519,image_1010.jpg,1,0,0,0
521,image_1015.jpg,1,0,0,0
522,image_1016.jpg,1,0,0,0
526,image_1029.jpg,1,0,0,0
527,image_1031.jpg,1,0,0,0
530,image_1046.jpg,1,0,0,0
532,image_1051.jpg,1,0,0,0
533,image_1054.jpg,1,0,0,0
534,image_1059.jpg,1,0,0,0
541,image_1128.jpg,1,0,0,0
542,image_1129.jpg,1,0,0,0
543,image_1131.jpg,1,0,0,0
547,image_1139.jpg,1,0,0,0
549,image_1143.jpg,1,0,0,0
556,image_1158.jpg,1,0,0,0
560,image_1168.jpg,1,0,0,0
561,image_1169.jpg,1,0,0,0
565,image_1176.jpg,1,0,0,0
567,image_1181.jpg,1,0,0,0
574,image_1199.jpg,1,0,0,0
576,image_1203.jpg,1,0,0,0
577,image_1204.jpg,1,0,0,0
580,image_1213.jpg,1,0,0,0
583,image_1220.jpg,1,0,0,0
584,image_1224.jpg,1,0,0,0
586,image_1229.jpg,1,0,0,0
592,image_1244.jpg,1,0,0,0
594,image_1251.jpg,1,0,0,0
597,image_1257.jpg,1,0,0,0
604,image_1272.jpg,1,0,0,0
608,image_1286.jpg,1,0,0,0
615,image_1302.jpg,1,0,0,0
617,image_1366.jpg,1,0,0,0
625,image_1382.jpg,1,0,0,0
629,image_1406.jpg,0,0,0,1
637,image_1445.jpg,1,0,0,0
638,image_1458.jpg,1,0,0,0
643,image_1477.jpg,0,1,0,0
645,image_1503.jpg,1,0,0,0
647,image_1524.jpg,1,0,0,0
648,image_1546.jpg,0,1,0,0
649,image_1548.jpg,0,1,0,0
652,image_1558.jpg,0,1,0,0
659,image_1616.jpg,1,0,0,0
661,image_1620.jpg,1,0,0,0
662,image_1623.jpg,1,0,0,0
665,image_1629.jpg,1,0,0,0
670,image_1640.jpg,1,0,0,0
674,image_1650.jpg,1,0,0,0
681,image_1862.jpg,1,0,0,0
685,image_1985.jpg,0,1,0,0
686,image_1986.jpg,0,1,0,0
687,image_1988.jpg,0,1,0,0
689,image_2073.jpg,1,0,0,0
690,image_2090.jpg,0,1,0,0
692,image_2226.jpg,1,0,0,0
694,image_2386.jpg,1,0,0,0
695,image_2388.jpg,1,0,0,0
696,image_2390.jpg,1,0,0,0
702,image_2403.jpg,1,0,0,0
703,image_2407.jpg,1,0,0,0
705,image_2412.jpg,1,0,0,0
712,image_2421.jpg,1,0,0,0
713,image_2424.jpg,1,0,0,0
715,image_2428.jpg,1,0,0,0
727,image_2447.jpg,1,0,0,0
730,image_2450.jpg,1,0,0,0
733,image_2453.jpg,1,0,0,0
736,image_2456.jpg,1,0,0,0
738,image_2458.jpg,1,0,0,0
740,image_2460.jpg,1,0,0,0
745,image_2470.jpg,1,0,0,0
748,image_2473.jpg,1,0,0,0
749,0_image_0.jpg,0,0,1,0
750,1_image_0.jpg,0,0,1,0
751,2_image_0.jpg,0,0,1,0
752,0_image_1.jpg,0,0,1,0
753,1_image_1.jpg,0,0,1,0
754,2_image_1.jpg,0,0,1,0
757,2_image_2.jpg,1,0,0,0
758,0_image_3.jpg,0,0,1,0
759,1_image_3.jpg,0,0,1,0
760,2_image_3.jpg,0,0,1,0
761,0_image_4.jpg,0,0,1,0
762,1_image_4.jpg,0,0,1,0
763,2_image_4.jpg,0,0,1,0
764,0_image_5.jpg,0,1,0,0
765,1_image_5.jpg,0,1,0,0
766,2_image_5.jpg,0,1,0,0
772,2_image_7.jpg,1,0,0,0
773,0_image_9.jpg,0,1,0,0
774,1_image_9.jpg,0,1,0,0
775,2_image_9.jpg,0,1,0,0
778,2_image_13.jpg,1,0,0,0
779,0_image_14.jpg,0,0,0,1
780,1_image_14.jpg,0,0,0,1
781,2_image_14.jpg,0,0,0,1
782,0_image_15.jpg,1,0,0,0
783,1_image_15.jpg,1,0,0,0
784,2_image_15.jpg,1,0,0,0
788,0_image_18.jpg,0,0,1,0
789,1_image_18.jpg,0,0,1,0
790,2_image_18.jpg,0,0,1,0
791,0_image_19.jpg,1,0,0,0
794,0_image_20.jpg,0,0,1,0
795,1_image_20.jpg,0,0,1,0
796,2_image_20.jpg,0,0,1,0
797,0_image_21.jpg,0,1,0,0
798,1_image_21.jpg,0,1,0,0
799,2_image_21.jpg,0,1,0,0
800,0_image_22.jpg,0,1,0,0
801,1_image_22.jpg,0,1,0,0
802,2_image_22.jpg,0,1,0,0
807,1_image_24.jpg,1,0,0,0
808,2_image_24.jpg,1,0,0,0
812,0_image_26.jpg,1,0,0,0
815,0_image_27.jpg,0,0,1,0
816,1_image_27.jpg,0,0,1,0
817,2_image_27.jpg,0,0,1,0
818,0_image_28.jpg,1,0,0,0
820,2_image_28.jpg,1,0,0,0
821,0_image_29.jpg,0,1,0,0
822,1_image_29.jpg,0,1,0,0
823,2_image_29.jpg,0,1,0,0
825,1_image_30.jpg,1,0,0,0
828,1_image_31.jpg,1,0,0,0
830,0_image_32.jpg,0,0,0,1
831,1_image_32.jpg,0,0,0,1
832,2_image_32.jpg,0,0,0,1
834,1_image_33.jpg,1,0,0,0
836,0_image_34.jpg,0,0,1,0
837,1_image_34.jpg,0,0,1,0
838,2_image_34.jpg,0,0,1,0
839,0_image_35.jpg,0,0,1,0
840,1_image_35.jpg,0,0,1,0
841,2_image_35.jpg,0,0,1,0
842,0_image_36.jpg,1,0,0,0
844,2_image_36.jpg,1,0,0,0
845,0_image_37.jpg,1,0,0,0
850,2_image_39.jpg,1,0,0,0
854,0_image_42.jpg,0,0,1,0
855,1_image_42.jpg,0,0,1,0
856,2_image_42.jpg,0,0,1,0
859,2_image_43.jpg,1,0,0,0
869,0_image_51.jpg,0,0,1,0
870,1_image_51.jpg,0,0,1,0
871,2_image_51.jpg,0,0,1,0
872,0_image_53.jpg,0,0,0,1
873,1_image_53.jpg,0,0,0,1
874,2_image_53.jpg,0,0,0,1
878,0_image_57.jpg,0,0,1,0
879,1_image_57.jpg,0,0,1,0
880,2_image_57.jpg,0,0,1,0
882,1_image_58.jpg,1,0,0,0
883,2_image_58.jpg,1,0,0,0
884,0_image_59.jpg,0,0,1,0
885,1_image_59.jpg,0,0,1,0
886,2_image_59.jpg,0,0,1,0
890,0_image_61.jpg,0,0,1,0
891,1_image_61.jpg,0,0,1,0
892,2_image_61.jpg,0,0,1,0
896,0_image_63.jpg,0,0,1,0
897,1_image_63.jpg,0,0,1,0
898,2_image_63.jpg,0,0,1,0
899,0_image_64.jpg,0,0,1,0
900,1_image_64.jpg,0,0,1,0
901,2_image_64.jpg,0,0,1,0
903,1_image_68.jpg,1,0,0,0
904,2_image_68.jpg,1,0,0,0
905,0_image_71.jpg,0,0,1,0
906,1_image_71.jpg,0,0,1,0
907,2_image_71.jpg,0,0,1,0
908,0_image_73.jpg,0,0,0,1
909,1_image_73.jpg,0,0,0,1
910,2_image_73.jpg,0,0,0,1
911,0_image_74.jpg,0,1,0,0
912,1_image_74.jpg,0,1,0,0
913,2_image_74.jpg,0,1,0,0
914,0_image_75.jpg,0,0,0,1
915,1_image_75.jpg,0,0,0,1
916,2_image_75.jpg,0,0,0,1
920,0_image_78.jpg,0,0,1,0
921,1_image_78.jpg,0,0,1,0
922,2_image_78.jpg,0,0,1,0
923,0_image_79.jpg,1,0,0,0
926,0_image_80.jpg,0,0,1,0
927,1_image_80.jpg,0,0,1,0
928,2_image_80.jpg,0,0,1,0
933,1_image_84.jpg,1,0,0,0
934,2_image_84.jpg,1,0,0,0
935,0_image_86.jpg,0,0,0,1
936,1_image_86.jpg,0,0,0,1
937,2_image_86.jpg,0,0,0,1
943,2_image_88.jpg,1,0,0,0
944,0_image_90.jpg,1,0,0,0
949,2_image_91.jpg,1,0,0,0
953,0_image_95.jpg,0,0,1,0
954,1_image_95.jpg,0,0,1,0
955,2_image_95.jpg,0,0,1,0
957,1_image_96.jpg,1,0,0,0
959,0_image_98.jpg,0,1,0,0
960,1_image_98.jpg,0,1,0,0
961,2_image_98.jpg,0,1,0,0
962,0_image_99.jpg,0,0,0,1
963,1_image_99.jpg,0,0,0,1
964,2_image_99.jpg,0,0,0,1
971,0_image_104.jpg,0,0,0,1
972,1_image_104.jpg,0,0,0,1
973,2_image_104.jpg,0,0,0,1
974,0_image_105.jpg,0,1,0,0
975,1_image_105.jpg,0,1,0,0
976,2_image_105.jpg,0,1,0,0
977,0_image_106.jpg,0,0,1,0
978,1_image_106.jpg,0,0,1,0
979,2_image_106.jpg,0,0,1,0
980,0_image_107.jpg,0,1,0,0
981,1_image_107.jpg,0,1,0,0
982,2_image_107.jpg,0,1,0,0
984,1_image_108.jpg,1,0,0,0
985,2_image_108.jpg,1,0,0,0
986,0_image_109.jpg,0,0,0,1
987,1_image_109.jpg,0,0,0,1
988,2_image_109.jpg,0,0,0,1
989,0_image_110.jpg,1,0,0,0
992,0_image_111.jpg,0,0,1,0
993,1_image_111.jpg,0,0,1,0
994,2_image_111.jpg,0,0,1,0
995,0_image_112.jpg,0,0,1,0
996,1_image_112.jpg,0,0,1,0
997,2_image_112.jpg,0,0,1,0
998,0_image_113.jpg,0,1,0,0
999,1_image_113.jpg,0,1,0,0
1000,2_image_113.jpg,0,1,0,0
1005,1_image_116.jpg,1,0,0,0
1007,0_image_117.jpg,1,0,0,0
1010,0_image_118.jpg,0,1,0,0
1011,1_image_118.jpg,0,1,0,0
1012,2_image_118.jpg,0,1,0,0
1018,2_image_121.jpg,1,0,0,0
1019,0_image_124.jpg,0,0,1,0
1020,1_image_124.jpg,0,0,1,0
1021,2_image_124.jpg,0,0,1,0
1022,0_image_125.jpg,0,0,0,1
1023,1_image_125.jpg,0,0,0,1
1024,2_image_125.jpg,0,0,0,1
1025,0_image_126.jpg,0,1,0,0
1026,1_image_126.jpg,0,1,0,0
1027,2_image_126.jpg,0,1,0,0
1028,0_image_128.jpg,0,0,0,1
1029,1_image_128.jpg,0,0,0,1
1030,2_image_128.jpg,0,0,0,1
1031,0_image_130.jpg,1,0,0,0
1034,0_image_132.jpg,1,0,0,0
1035,1_image_132.jpg,1,0,0,0
1036,2_image_132.jpg,1,0,0,0
1037,0_image_133.jpg,0,0,0,1
1038,1_image_133.jpg,0,0,0,1
1039,2_image_133.jpg,0,0,0,1
1040,0_image_134.jpg,0,1,0,0
1041,1_image_134.jpg,0,1,0,0
1042,2_image_134.jpg,0,1,0,0
1043,0_image_136.jpg,0,0,1,0
1044,1_image_136.jpg,0,0,1,0
1045,2_image_136.jpg,0,0,1,0
1046,0_image_137.jpg,0,1,0,0
1047,1_image_137.jpg,0,1,0,0
1048,2_image_137.jpg,0,1,0,0
1050,1_image_138.jpg,1,0,0,0
1052,0_image_139.jpg,0,1,0,0
1053,1_image_139.jpg,0,1,0,0
1054,2_image_139.jpg,0,1,0,0
1056,1_image_140.jpg,1,0,0,0
1060,2_image_142.jpg,1,0,0,0
1061,0_image_143.jpg,0,0,0,1
1062,1_image_143.jpg,0,0,0,1
1063,2_image_143.jpg,0,0,0,1
1064,0_image_144.jpg,0,0,0,1
1065,1_image_144.jpg,0,0,0,1
1066,2_image_144.jpg,0,0,0,1
1068,1_image_145.jpg,1,0,0,0
1069,2_image_145.jpg,1,0,0,0
1070,0_image_146.jpg,0,0,1,0
1071,1_image_146.jpg,0,0,1,0
1072,2_image_146.jpg,0,0,1,0
1076,0_image_148.jpg,0,0,1,0
1077,1_image_148.jpg,0,0,1,0
1078,2_image_148.jpg,0,0,1,0
1082,0_image_151.jpg,0,1,0,0
1083,1_image_151.jpg,0,1,0,0
1084,2_image_151.jpg,0,1,0,0
1085,0_image_152.jpg,0,1,0,0
1086,1_image_152.jpg,0,1,0,0
1087,2_image_152.jpg,0,1,0,0
1091,0_image_155.jpg,0,0,1,0
1092,1_image_155.jpg,0,0,1,0
1093,2_image_155.jpg,0,0,1,0
1094,0_image_156.jpg,0,1,0,0
1095,1_image_156.jpg,0,1,0,0
1096,2_image_156.jpg,0,1,0,0
1097,0_image_157.jpg,0,0,0,1
1098,1_image_157.jpg,0,0,0,1
1099,2_image_157.jpg,0,0,0,1
1100,0_image_158.jpg,0,0,1,0
1101,1_image_158.jpg,0,0,1,0
1102,2_image_158.jpg,0,0,1,0
1103,0_image_159.jpg,0,0,0,1
1104,1_image_159.jpg,0,0,0,1
1105,2_image_159.jpg,0,0,0,1
1106,0_image_160.jpg,0,0,0,1
1107,1_image_160.jpg,0,0,0,1
1108,2_image_160.jpg,0,0,0,1
1112,0_image_163.jpg,0,0,1,0
1113,1_image_163.jpg,0,0,1,0
1114,2_image_163.jpg,0,0,1,0
1116,1_image_164.jpg,1,0,0,0
1119,1_image_167.jpg,1,0,0,0
1120,2_image_167.jpg,1,0,0,0
1122,1_image_168.jpg,1,0,0,0
1124,0_image_169.jpg,0,0,0,1
1125,1_image_169.jpg,0,0,0,1
1126,2_image_169.jpg,0,0,0,1
1127,0_image_170.jpg,0,1,0,0
1128,1_image_170.jpg,0,1,0,0
1129,2_image_170.jpg,0,1,0,0
1133,0_image_175.jpg,0,0,1,0
1134,1_image_175.jpg,0,0,1,0
1135,2_image_175.jpg,0,0,1,0
1136,0_image_177.jpg,0,1,0,0
1137,1_image_177.jpg,0,1,0,0
1138,2_image_177.jpg,0,1,0,0
1139,0_image_178.jpg,0,0,0,1
1140,1_image_178.jpg,0,0,0,1
1141,2_image_178.jpg,0,0,0,1
1148,0_image_182.jpg,1,0,0,0
1151,0_image_183.jpg,1,0,0,0
1152,1_image_183.jpg,1,0,0,0
1155,1_image_184.jpg,1,0,0,0
1156,2_image_184.jpg,1,0,0,0
1157,0_image_185.jpg,1,0,0,0
1159,2_image_185.jpg,1,0,0,0
1160,0_image_186.jpg,0,1,0,0
1161,1_image_186.jpg,0,1,0,0
1162,2_image_186.jpg,0,1,0,0
1165,2_image_187.jpg,1,0,0,0
1166,0_image_188.jpg,1,0,0,0
1169,0_image_190.jpg,0,0,1,0
1170,1_image_190.jpg,0,0,1,0
1171,2_image_190.jpg,0,0,1,0
1172,0_image_192.jpg,0,1,0,0
1173,1_image_192.jpg,0,1,0,0
1174,2_image_192.jpg,0,1,0,0
1175,0_image_194.jpg,1,0,0,0
1178,0_image_195.jpg,0,0,0,1
1179,1_image_195.jpg,0,0,0,1
1180,2_image_195.jpg,0,0,0,1
1181,0_image_196.jpg,0,1,0,0
1182,1_image_196.jpg,0,1,0,0
1183,2_image_196.jpg,0,1,0,0
1184,0_image_197.jpg,0,1,0,0
1185,1_image_197.jpg,0,1,0,0
1186,2_image_197.jpg,0,1,0,0
1187,0_image_199.jpg,0,0,0,1
1188,1_image_199.jpg,0,0,0,1
1189,2_image_199.jpg,0,0,0,1
1190,0_image_201.jpg,0,0,1,0
1191,1_image_201.jpg,0,0,1,0
1192,2_image_201.jpg,0,0,1,0
1196,0_image_204.jpg,0,1,0,0
1197,1_image_204.jpg,0,1,0,0
1198,2_image_204.jpg,0,1,0,0
1199,0_image_206.jpg,1,0,0,0
1202,0_image_207.jpg,0,1,0,0
1203,1_image_207.jpg,0,1,0,0
1204,2_image_207.jpg,0,1,0,0
1205,0_image_208.jpg,0,1,0,0
1206,1_image_208.jpg,0,1,0,0
1207,2_image_208.jpg,0,1,0,0
1208,0_image_211.jpg,0,0,1,0
1209,1_image_211.jpg,0,0,1,0
1210,2_image_211.jpg,0,0,1,0
1211,0_image_212.jpg,0,0,0,1
1212,1_image_212.jpg,0,0,0,1
1213,2_image_212.jpg,0,0,0,1
1214,0_image_214.jpg,0,0,1,0
1215,1_image_214.jpg,0,0,1,0
1216,2_image_214.jpg,0,0,1,0
1219,2_image_216.jpg,1,0,0,0
1220,0_image_217.jpg,0,0,1,0
1221,1_image_217.jpg,0,0,1,0
1222,2_image_217.jpg,0,0,1,0
1226,0_image_219.jpg,0,0,1,0
1227,1_image_219.jpg,0,0,1,0
1228,2_image_219.jpg,0,0,1,0
1230,1_image_220.jpg,1,0,0,0
1232,0_image_221.jpg,1,0,0,0
1233,1_image_221.jpg,1,0,0,0
1240,2_image_223.jpg,1,0,0,0
1241,0_image_224.jpg,0,0,1,0
1242,1_image_224.jpg,0,0,1,0
1243,2_image_224.jpg,0,0,1,0
1244,0_image_225.jpg,1,0,0,0
1245,1_image_225.jpg,1,0,0,0
1247,0_image_226.jpg,0,1,0,0
1248,1_image_226.jpg,0,1,0,0
1249,2_image_226.jpg,0,1,0,0
1250,0_image_228.jpg,0,0,0,1
1251,1_image_228.jpg,0,0,0,1
1252,2_image_228.jpg,0,0,0,1
1253,0_image_232.jpg,0,0,0,1
1254,1_image_232.jpg,0,0,0,1
1255,2_image_232.jpg,0,0,0,1
1256,0_image_233.jpg,0,0,0,1
1257,1_image_233.jpg,0,0,0,1
1258,2_image_233.jpg,0,0,0,1
1259,0_image_234.jpg,0,0,0,1
1260,1_image_234.jpg,0,0,0,1
1261,2_image_234.jpg,0,0,0,1
1262,0_image_236.jpg,0,0,1,0
1263,1_image_236.jpg,0,0,1,0
1264,2_image_236.jpg,0,0,1,0
1265,0_image_238.jpg,0,0,1,0
1266,1_image_238.jpg,0,0,1,0
1267,2_image_238.jpg,0,0,1,0
1268,0_image_240.jpg,0,0,1,0
1269,1_image_240.jpg,0,0,1,0
1270,2_image_240.jpg,0,0,1,0
1274,0_image_242.jpg,0,0,1,0
1275,1_image_242.jpg,0,0,1,0
1276,2_image_242.jpg,0,0,1,0
1279,2_image_243.jpg,1,0,0,0
1280,0_image_244.jpg,1,0,0,0
1283,0_image_245.jpg,0,0,0,1
1284,1_image_245.jpg,0,0,0,1
1285,2_image_245.jpg,0,0,0,1
1286,0_image_246.jpg,1,0,0,0
1288,2_image_246.jpg,1,0,0,0
1291,2_image_247.jpg,1,0,0,0
1292,0_image_248.jpg,1,0,0,0
1294,2_image_248.jpg,1,0,0,0
1295,0_image_249.jpg,0,0,1,0
1296,1_image_249.jpg,0,0,1,0
1297,2_image_249.jpg,0,0,1,0
1299,1_image_250.jpg,1,0,0,0
1300,2_image_250.jpg,1,0,0,0
1301,0_image_251.jpg,0,0,0,1
1302,1_image_251.jpg,0,0,0,1
1303,2_image_251.jpg,0,0,0,1
1307,0_image_253.jpg,0,1,0,0
1308,1_image_253.jpg,0,1,0,0
1309,2_image_253.jpg,0,1,0,0
1314,1_image_255.jpg,1,0,0,0
1317,1_image_256.jpg,1,0,0,0
1322,0_image_258.jpg,1,0,0,0
1323,1_image_258.jpg,1,0,0,0
1327,2_image_259.jpg,1,0,0,0
1331,0_image_261.jpg,0,0,0,1
1332,1_image_261.jpg,0,0,0,1
1333,2_image_261.jpg,0,0,0,1
1337,0_image_263.jpg,0,1,0,0
1338,1_image_263.jpg,0,1,0,0
1339,2_image_263.jpg,0,1,0,0
1340,0_image_264.jpg,0,1,0,0
1341,1_image_264.jpg,0,1,0,0
1342,2_image_264.jpg,0,1,0,0
1343,0_image_266.jpg,0,0,0,1
1344,1_image_266.jpg,0,0,0,1
1345,2_image_266.jpg,0,0,0,1
1346,0_image_268.jpg,0,1,0,0
1347,1_image_268.jpg,0,1,0,0
1348,2_image_268.jpg,0,1,0,0
1349,0_image_269.jpg,0,0,1,0
1350,1_image_269.jpg,0,0,1,0
1351,2_image_269.jpg,0,0,1,0
1352,0_image_272.jpg,0,0,0,1
1353,1_image_272.jpg,0,0,0,1
1354,2_image_272.jpg,0,0,0,1
1358,0_image_274.jpg,1,0,0,0
1359,1_image_274.jpg,1,0,0,0
1364,0_image_276.jpg,1,0,0,0
1367,0_image_277.jpg,0,1,0,0
1368,1_image_277.jpg,0,1,0,0
1369,2_image_277.jpg,0,1,0,0
1376,0_image_283.jpg,1,0,0,0
1377,1_image_283.jpg,1,0,0,0
1379,0_image_286.jpg,0,1,0,0
1380,1_image_286.jpg,0,1,0,0
1381,2_image_286.jpg,0,1,0,0
1382,0_image_288.jpg,0,0,0,1
1383,1_image_288.jpg,0,0,0,1
1384,2_image_288.jpg,0,0,0,1
1385,0_image_290.jpg,0,0,1,0
1386,1_image_290.jpg,0,0,1,0
1387,2_image_290.jpg,0,0,1,0
1388,0_image_291.jpg,0,0,1,0
1389,1_image_291.jpg,0,0,1,0
1390,2_image_291.jpg,0,0,1,0
1391,0_image_294.jpg,0,0,1,0
1392,1_image_294.jpg,0,0,1,0
1393,2_image_294.jpg,0,0,1,0
1394,0_image_296.jpg,0,1,0,0
1395,1_image_296.jpg,0,1,0,0
1396,2_image_296.jpg,0,1,0,0
1399,2_image_297.jpg,1,0,0,0
1400,0_image_298.jpg,0,0,0,1
1401,1_image_298.jpg,0,0,0,1
1402,2_image_298.jpg,0,0,0,1
1403,0_image_300.jpg,1,0,0,0
1406,0_image_301.jpg,0,0,0,1
1407,1_image_301.jpg,0,0,0,1
1408,2_image_301.jpg,0,0,0,1
1409,0_image_305.jpg,0,0,0,1
1410,1_image_305.jpg,0,0,0,1
1411,2_image_305.jpg,0,0,0,1
1412,0_image_306.jpg,0,0,0,1
1413,1_image_306.jpg,0,0,0,1
1414,2_image_306.jpg,0,0,0,1
1415,0_image_307.jpg,0,0,1,0
1416,1_image_307.jpg,0,0,1,0
1417,2_image_307.jpg,0,0,1,0
1418,0_image_308.jpg,0,0,1,0
1419,1_image_308.jpg,0,0,1,0
1420,2_image_308.jpg,0,0,1,0
1421,0_image_309.jpg,1,0,0,0
1424,0_image_310.jpg,0,0,1,0
1425,1_image_310.jpg,0,0,1,0
1426,2_image_310.jpg,0,0,1,0
1427,0_image_316.jpg,0,0,0,1
1428,1_image_316.jpg,0,0,0,1
1429,2_image_316.jpg,0,0,0,1
1430,0_image_317.jpg,0,1,0,0
1431,1_image_317.jpg,0,1,0,0
1432,2_image_317.jpg,0,1,0,0
1434,1_image_321.jpg,1,0,0,0
1439,0_image_328.jpg,0,1,0,0
1440,1_image_328.jpg,0,1,0,0
1441,2_image_328.jpg,0,1,0,0
1444,2_image_331.jpg,1,0,0,0
1445,0_image_332.jpg,0,0,0,1
1446,1_image_332.jpg,0,0,0,1
1447,2_image_332.jpg,0,0,0,1
1448,0_image_333.jpg,0,1,0,0
1449,1_image_333.jpg,0,1,0,0
1450,2_image_333.jpg,0,1,0,0
1451,0_image_334.jpg,0,1,0,0
1452,1_image_334.jpg,0,1,0,0
1453,2_image_334.jpg,0,1,0,0
1455,1_image_335.jpg,1,0,0,0
1457,0_image_336.jpg,1,0,0,0
1460,0_image_337.jpg,1,0,0,0
1462,2_image_337.jpg,1,0,0,0
1467,1_image_339.jpg,1,0,0,0
1469,0_image_340.jpg,1,0,0,0
1478,0_image_343.jpg,0,1,0,0
1479,1_image_343.jpg,0,1,0,0
1480,2_image_343.jpg,0,1,0,0
1481,0_image_344.jpg,0,0,0,1
1482,1_image_344.jpg,0,0,0,1
1483,2_image_344.jpg,0,0,0,1
1484,0_image_345.jpg,1,0,0,0
1496,0_image_349.jpg,0,0,1,0
1497,1_image_349.jpg,0,0,1,0
1498,2_image_349.jpg,0,0,1,0
1505,0_image_352.jpg,1,0,0,0
1508,0_image_353.jpg,0,0,0,1
1509,1_image_353.jpg,0,0,0,1
1510,2_image_353.jpg,0,0,0,1
1511,0_image_354.jpg,0,1,0,0
1512,1_image_354.jpg,0,1,0,0
1513,2_image_354.jpg,0,1,0,0
1514,0_image_355.jpg,0,0,0,1
1515,1_image_355.jpg,0,0,0,1
1516,2_image_355.jpg,0,0,0,1
1522,2_image_357.jpg,1,0,0,0
1523,0_image_358.jpg,0,1,0,0
1524,1_image_358.jpg,0,1,0,0
1525,2_image_358.jpg,0,1,0,0
1532,0_image_361.jpg,0,1,0,0
1533,1_image_361.jpg,0,1,0,0
1534,2_image_361.jpg,0,1,0,0
1535,0_image_362.jpg,0,0,1,0
1536,1_image_362.jpg,0,0,1,0
1537,2_image_362.jpg,0,0,1,0
1540,2_image_363.jpg,1,0,0,0
1541,0_image_364.jpg,0,1,0,0
1542,1_image_364.jpg,0,1,0,0
1543,2_image_364.jpg,0,1,0,0
1545,1_image_365.jpg,1,0,0,0
1549,2_image_370.jpg,1,0,0,0
1550,0_image_371.jpg,1,0,0,0
1553,0_image_380.jpg,0,1,0,0
1554,1_image_380.jpg,0,1,0,0
1555,2_image_380.jpg,0,1,0,0
1556,0_image_385.jpg,0,0,0,1
1557,1_image_385.jpg,0,0,0,1
1558,2_image_385.jpg,0,0,0,1
1560,1_image_391.jpg,1,0,0,0
1562,0_image_392.jpg,1,0,0,0
1564,2_image_392.jpg,1,0,0,0
1565,0_image_401.jpg,1,0,0,0
1570,2_image_403.jpg,1,0,0,0
1572,1_image_404.jpg,1,0,0,0
1574,0_image_405.jpg,0,1,0,0
1575,1_image_405.jpg,0,1,0,0
1576,2_image_405.jpg,0,1,0,0
1577,0_image_406.jpg,1,0,0,0
1578,1_image_406.jpg,1,0,0,0
1580,0_image_407.jpg,0,1,0,0
1581,1_image_407.jpg,0,1,0,0
1582,2_image_407.jpg,0,1,0,0
1583,0_image_408.jpg,0,1,0,0
1584,1_image_408.jpg,0,1,0,0
1585,2_image_408.jpg,0,1,0,0
1589,0_image_410.jpg,1,0,0,0
1594,2_image_411.jpg,1,0,0,0
1595,0_image_412.jpg,0,0,1,0
1596,1_image_412.jpg,0,0,1,0
1597,2_image_412.jpg,0,0,1,0
1599,1_image_413.jpg,1,0,0,0
1603,2_image_414.jpg,1,0,0,0
1607,0_image_416.jpg,0,1,0,0
1608,1_image_416.jpg,0,1,0,0
1609,2_image_416.jpg,0,1,0,0
1612,2_image_417.jpg,1,0,0,0
1613,0_image_418.jpg,0,0,0,1
1614,1_image_418.jpg,0,0,0,1
1615,2_image_418.jpg,0,0,0,1
1616,0_image_419.jpg,0,1,0,0
1617,1_image_419.jpg,0,1,0,0
1618,2_image_419.jpg,0,1,0,0
1619,0_image_420.jpg,0,1,0,0
1620,1_image_420.jpg,0,1,0,0
1621,2_image_420.jpg,0,1,0,0
1623,1_image_421.jpg,1,0,0,0
1625,0_image_422.jpg,0,1,0,0
1626,1_image_422.jpg,0,1,0,0
1627,2_image_422.jpg,0,1,0,0
1631,0_image_424.jpg,1,0,0,0
1633,2_image_424.jpg,1,0,0,0
1634,0_image_425.jpg,0,0,1,0
1635,1_image_425.jpg,0,0,1,0
1636,2_image_425.jpg,0,0,1,0
1637,0_image_426.jpg,1,0,0,0
1643,0_image_428.jpg,0,1,0,0
1644,1_image_428.jpg,0,1,0,0
1645,2_image_428.jpg,0,1,0,0
1649,0_image_430.jpg,1,0,0,0
1652,0_image_431.jpg,1,0,0,0
1653,1_image_431.jpg,1,0,0,0
1654,2_image_431.jpg,1,0,0,0
1657,2_image_432.jpg,1,0,0,0
1658,0_image_433.jpg,0,0,1,0
1659,1_image_433.jpg,0,0,1,0
1660,2_image_433.jpg,0,0,1,0
1661,0_image_435.jpg,0,0,0,1
1662,1_image_435.jpg,0,0,0,1
1663,2_image_435.jpg,0,0,0,1
1667,0_image_442.jpg,0,1,0,0
1668,1_image_442.jpg,0,1,0,0
1669,2_image_442.jpg,0,1,0,0
1670,0_image_443.jpg,0,0,0,1
1671,1_image_443.jpg,0,0,0,1
1672,2_image_443.jpg,0,0,0,1
1673,0_image_446.jpg,0,0,0,1
1674,1_image_446.jpg,0,0,0,1
1675,2_image_446.jpg,0,0,0,1
1676,0_image_447.jpg,0,1,0,0
1677,1_image_447.jpg,0,1,0,0
1678,2_image_447.jpg,0,1,0,0
1679,0_image_448.jpg,1,0,0,0
1682,0_image_453.jpg,0,0,0,1
1683,1_image_453.jpg,0,0,0,1
1684,2_image_453.jpg,0,0,0,1
1685,0_image_454.jpg,0,0,0,1
1686,1_image_454.jpg,0,0,0,1
1687,2_image_454.jpg,0,0,0,1
1688,0_image_463.jpg,0,1,0,0
1689,1_image_463.jpg,0,1,0,0
1690,2_image_463.jpg,0,1,0,0
1691,0_image_470.jpg,1,0,0,0
1694,0_image_472.jpg,0,1,0,0
1695,1_image_472.jpg,0,1,0,0
1696,2_image_472.jpg,0,1,0,0
1697,0_image_473.jpg,0,1,0,0
1698,1_image_473.jpg,0,1,0,0
1699,2_image_473.jpg,0,1,0,0
1703,0_image_475.jpg,0,1,0,0
1704,1_image_475.jpg,0,1,0,0
1705,2_image_475.jpg,0,1,0,0
1706,0_image_478.jpg,0,0,0,1
1707,1_image_478.jpg,0,0,0,1
1708,2_image_478.jpg,0,0,0,1
1709,0_image_479.jpg,1,0,0,0
1712,0_image_482.jpg,0,1,0,0
1713,1_image_482.jpg,0,1,0,0
1714,2_image_482.jpg,0,1,0,0
1715,0_image_485.jpg,0,1,0,0
1716,1_image_485.jpg,0,1,0,0
1717,2_image_485.jpg,0,1,0,0
1718,0_image_489.jpg,0,1,0,0
1719,1_image_489.jpg,0,1,0,0
1720,2_image_489.jpg,0,1,0,0
1721,0_image_494.jpg,0,1,0,0
1722,1_image_494.jpg,0,1,0,0
1723,2_image_494.jpg,0,1,0,0
1724,0_image_496.jpg,0,0,1,0
1725,1_image_496.jpg,0,0,1,0
1726,2_image_496.jpg,0,0,1,0
1727,0_image_497.jpg,1,0,0,0
1728,1_image_497.jpg,1,0,0,0
1733,0_image_503.jpg,0,1,0,0
1734,1_image_503.jpg,0,1,0,0
1735,2_image_503.jpg,0,1,0,0
1736,0_image_505.jpg,0,0,0,1
1737,1_image_505.jpg,0,0,0,1
1738,2_image_505.jpg,0,0,0,1
1739,0_image_506.jpg,1,0,0,0
1742,0_image_507.jpg,0,0,0,1
1743,1_image_507.jpg,0,0,0,1
1744,2_image_507.jpg,0,0,0,1
1749,1_image_510.jpg,1,0,0,0
1751,0_image_512.jpg,0,0,0,1
1752,1_image_512.jpg,0,0,0,1
1753,2_image_512.jpg,0,0,0,1
1754,0_image_514.jpg,0,0,1,0
1755,1_image_514.jpg,0,0,1,0
1756,2_image_514.jpg,0,0,1,0
1758,1_image_515.jpg,1,0,0,0
1760,0_image_516.jpg,0,0,0,1
1761,1_image_516.jpg,0,0,0,1
1762,2_image_516.jpg,0,0,0,1
1763,0_image_519.jpg,0,1,0,0
1764,1_image_519.jpg,0,1,0,0
1765,2_image_519.jpg,0,1,0,0
1767,1_image_520.jpg,1,0,0,0
1768,2_image_520.jpg,1,0,0,0
1769,0_image_522.jpg,0,0,1,0
1770,1_image_522.jpg,0,0,1,0
1771,2_image_522.jpg,0,0,1,0
1772,0_image_525.jpg,0,0,1,0
1773,1_image_525.jpg,0,0,1,0
1774,2_image_525.jpg,0,0,1,0
1775,0_image_528.jpg,0,0,1,0
1776,1_image_528.jpg,0,0,1,0
1777,2_image_528.jpg,0,0,1,0
1778,0_image_530.jpg,0,0,1,0
1779,1_image_530.jpg,0,0,1,0
1780,2_image_530.jpg,0,0,1,0
1781,0_image_531.jpg,0,1,0,0
1782,1_image_531.jpg,0,1,0,0
1783,2_image_531.jpg,0,1,0,0
1784,0_image_538.jpg,0,1,0,0
1785,1_image_538.jpg,0,1,0,0
1786,2_image_538.jpg,0,1,0,0
1787,0_image_539.jpg,0,1,0,0
1788,1_image_539.jpg,0,1,0,0
1789,2_image_539.jpg,0,1,0,0
1790,0_image_541.jpg,0,1,0,0
1791,1_image_541.jpg,0,1,0,0
1792,2_image_541.jpg,0,1,0,0
1793,0_image_542.jpg,0,0,0,1
1794,1_image_542.jpg,0,0,0,1
1795,2_image_542.jpg,0,0,0,1
1799,0_image_549.jpg,1,0,0,0
1800,1_image_549.jpg,1,0,0,0
1802,0_image_552.jpg,0,1,0,0
1803,1_image_552.jpg,0,1,0,0
1804,2_image_552.jpg,0,1,0,0
1805,0_image_553.jpg,0,0,1,0
1806,1_image_553.jpg,0,0,1,0
1807,2_image_553.jpg,0,0,1,0
1811,0_image_557.jpg,0,0,1,0
1812,1_image_557.jpg,0,0,1,0
1813,2_image_557.jpg,0,0,1,0
1814,0_image_558.jpg,0,0,1,0
1815,1_image_558.jpg,0,0,1,0
1816,2_image_558.jpg,0,0,1,0
1817,0_image_559.jpg,0,0,1,0
1818,1_image_559.jpg,0,0,1,0
1819,2_image_559.jpg,0,0,1,0
1820,0_image_561.jpg,0,1,0,0
1821,1_image_561.jpg,0,1,0,0
1822,2_image_561.jpg,0,1,0,0
1823,0_image_562.jpg,1,0,0,0
1826,0_image_565.jpg,0,0,0,1
1827,1_image_565.jpg,0,0,0,1
1828,2_image_565.jpg,0,0,0,1
1829,0_image_567.jpg,0,0,0,1
1830,1_image_567.jpg,0,0,0,1
1831,2_image_567.jpg,0,0,0,1
1834,2_image_571.jpg,1,0,0,0
1835,0_image_573.jpg,0,0,1,0
1836,1_image_573.jpg,0,0,1,0
1837,2_image_573.jpg,0,0,1,0
1838,0_image_574.jpg,0,0,1,0
1839,1_image_574.jpg,0,0,1,0
1840,2_image_574.jpg,0,0,1,0
1841,0_image_575.jpg,1,0,0,0
1844,0_image_577.jpg,0,1,0,0
1845,1_image_577.jpg,0,1,0,0
1846,2_image_577.jpg,0,1,0,0
1847,0_image_579.jpg,0,1,0,0
1848,1_image_579.jpg,0,1,0,0
1849,2_image_579.jpg,0,1,0,0
1853,0_image_585.jpg,0,1,0,0
1854,1_image_585.jpg,0,1,0,0
1855,2_image_585.jpg,0,1,0,0
1856,0_image_588.jpg,0,0,1,0
1857,1_image_588.jpg,0,0,1,0
1858,2_image_588.jpg,0,0,1,0
1859,0_image_590.jpg,0,1,0,0
1860,1_image_590.jpg,0,1,0,0
1861,2_image_590.jpg,0,1,0,0
1862,0_image_591.jpg,0,1,0,0
1863,1_image_591.jpg,0,1,0,0
1864,2_image_591.jpg,0,1,0,0
1865,0_image_592.jpg,0,0,0,1
1866,1_image_592.jpg,0,0,0,1
1867,2_image_592.jpg,0,0,0,1
1868,0_image_595.jpg,0,1,0,0
1869,1_image_595.jpg,0,1,0,0
1870,2_image_595.jpg,0,1,0,0
1871,0_image_597.jpg,0,0,0,1
1872,1_image_597.jpg,0,0,0,1
1873,2_image_597.jpg,0,0,0,1
1874,0_image_601.jpg,0,1,0,0
1875,1_image_601.jpg,0,1,0,0
1876,2_image_601.jpg,0,1,0,0
1877,0_image_603.jpg,0,0,1,0
1878,1_image_603.jpg,0,0,1,0
1879,2_image_603.jpg,0,0,1,0
1880,0_image_604.jpg,1,0,0,0
1883,0_image_605.jpg,0,0,0,1
1884,1_image_605.jpg,0,0,0,1
1885,2_image_605.jpg,0,0,0,1
1886,0_image_606.jpg,0,0,1,0
1887,1_image_606.jpg,0,0,1,0
1888,2_image_606.jpg,0,0,1,0
1889,0_image_609.jpg,0,0,0,1
1890,1_image_609.jpg,0,0,0,1
1891,2_image_609.jpg,0,0,0,1
1894,2_image_611.jpg,1,0,0,0
1895,0_image_612.jpg,0,0,1,0
1896,1_image_612.jpg,0,0,1,0
1897,2_image_612.jpg,0,0,1,0
1898,0_image_616.jpg,0,1,0,0
1899,1_image_616.jpg,0,1,0,0
1900,2_image_616.jpg,0,1,0,0
1901,0_image_618.jpg,0,1,0,0
1902,1_image_618.jpg,0,1,0,0
1903,2_image_618.jpg,0,1,0,0
1904,0_image_619.jpg,1,0,0,0
1907,0_image_620.jpg,0,0,1,0
1908,1_image_620.jpg,0,0,1,0
1909,2_image_620.jpg,0,0,1,0
1911,1_image_625.jpg,1,0,0,0
1913,0_image_627.jpg,0,1,0,0
1914,1_image_627.jpg,0,1,0,0
1915,2_image_627.jpg,0,1,0,0
1916,0_image_630.jpg,0,0,1,0
1917,1_image_630.jpg,0,0,1,0
1918,2_image_630.jpg,0,0,1,0
1919,0_image_632.jpg,0,0,0,1
1920,1_image_632.jpg,0,0,0,1
1921,2_image_632.jpg,0,0,0,1
1922,0_image_633.jpg,0,1,0,0
1923,1_image_633.jpg,0,1,0,0
1924,2_image_633.jpg,0,1,0,0
1925,0_image_635.jpg,0,0,1,0
1926,1_image_635.jpg,0,0,1,0
1927,2_image_635.jpg,0,0,1,0
1928,0_image_641.jpg,0,0,0,1
1929,1_image_641.jpg,0,0,0,1
1930,2_image_641.jpg,0,0,0,1
1932,1_image_645.jpg,1,0,0,0
1933,2_image_645.jpg,1,0,0,0
1934,0_image_649.jpg,0,0,1,0
1935,1_image_649.jpg,0,0,1,0
1936,2_image_649.jpg,0,0,1,0
1937,0_image_650.jpg,0,0,0,1
1938,1_image_650.jpg,0,0,0,1
1939,2_image_650.jpg,0,0,0,1
1940,0_image_651.jpg,0,1,0,0
1941,1_image_651.jpg,0,1,0,0
1942,2_image_651.jpg,0,1,0,0
1943,0_image_652.jpg,0,1,0,0
1944,1_image_652.jpg,0,1,0,0
1945,2_image_652.jpg,0,1,0,0
1946,0_image_658.jpg,0,1,0,0
1947,1_image_658.jpg,0,1,0,0
1948,2_image_658.jpg,0,1,0,0
1949,0_image_659.jpg,0,1,0,0
1950,1_image_659.jpg,0,1,0,0
1951,2_image_659.jpg,0,1,0,0
1952,0_image_660.jpg,0,1,0,0
1953,1_image_660.jpg,0,1,0,0
1954,2_image_660.jpg,0,1,0,0
1960,2_image_662.jpg,1,0,0,0
1961,0_image_667.jpg,0,0,1,0
1962,1_image_667.jpg,0,0,1,0
1963,2_image_667.jpg,0,0,1,0
1964,0_image_669.jpg,0,0,1,0
1965,1_image_669.jpg,0,0,1,0
1966,2_image_669.jpg,0,0,1,0
1967,0_image_670.jpg,0,1,0,0
1968,1_image_670.jpg,0,1,0,0
1969,2_image_670.jpg,0,1,0,0
1973,0_image_677.jpg,0,0,1,0
1974,1_image_677.jpg,0,0,1,0
1975,2_image_677.jpg,0,0,1,0
1976,0_image_678.jpg,0,0,1,0
1977,1_image_678.jpg,0,0,1,0
1978,2_image_678.jpg,0,0,1,0
1979,0_image_679.jpg,0,1,0,0
1980,1_image_679.jpg,0,1,0,0
1981,2_image_679.jpg,0,1,0,0
1982,0_image_681.jpg,0,1,0,0
1983,1_image_681.jpg,0,1,0,0
1984,2_image_681.jpg,0,1,0,0
1985,0_image_686.jpg,0,0,1,0
1986,1_image_686.jpg,0,0,1,0
1987,2_image_686.jpg,0,0,1,0
1988,0_image_691.jpg,0,0,1,0
1989,1_image_691.jpg,0,0,1,0
1990,2_image_691.jpg,0,0,1,0
1991,0_image_693.jpg,0,0,1,0
1992,1_image_693.jpg,0,0,1,0
1993,2_image_693.jpg,0,0,1,0
1994,0_image_697.jpg,0,1,0,0
1995,1_image_697.jpg,0,1,0,0
1996,2_image_697.jpg,0,1,0,0
1997,0_image_699.jpg,0,0,0,1
1998,1_image_699.jpg,0,0,0,1
1999,2_image_699.jpg,0,0,0,1
2000,0_image_700.jpg,0,0,0,1
2001,1_image_700.jpg,0,0,0,1
2002,2_image_700.jpg,0,0,0,1
2003,0_image_702.jpg,0,0,1,0
2004,1_image_702.jpg,0,0,1,0
2005,2_image_702.jpg,0,0,1,0
2006,0_image_703.jpg,0,0,1,0
2007,1_image_703.jpg,0,0,1,0
2008,2_image_703.jpg,0,0,1,0
2009,0_image_704.jpg,0,1,0,0
2010,1_image_704.jpg,0,1,0,0
2011,2_image_704.jpg,0,1,0,0
2012,0_image_706.jpg,0,0,0,1
2013,1_image_706.jpg,0,0,0,1
2014,2_image_706.jpg,0,0,0,1
2015,0_image_707.jpg,1,0,0,0
2016,1_image_707.jpg,1,0,0,0
2018,0_image_708.jpg,0,0,1,0
2019,1_image_708.jpg,0,0,1,0
2020,2_image_708.jpg,0,0,1,0
2021,0_image_709.jpg,0,1,0,0
2022,1_image_709.jpg,0,1,0,0
2023,2_image_709.jpg,0,1,0,0
2030,0_image_723.jpg,0,0,0,1
2031,1_image_723.jpg,0,0,0,1
2032,2_image_723.jpg,0,0,0,1
2033,0_image_725.jpg,0,1,0,0
2034,1_image_725.jpg,0,1,0,0
2035,2_image_725.jpg,0,1,0,0
2036,0_image_726.jpg,0,0,1,0
2037,1_image_726.jpg,0,0,1,0
2038,2_image_726.jpg,0,0,1,0
2039,0_image_733.jpg,0,1,0,0
2040,1_image_733.jpg,0,1,0,0
2041,2_image_733.jpg,0,1,0,0
2045,0_image_744.jpg,0,0,0,1
2046,1_image_744.jpg,0,0,0,1
2047,2_image_744.jpg,0,0,0,1
2048,0_image_752.jpg,0,0,1,0
2049,1_image_752.jpg,0,0,1,0
2050,2_image_752.jpg,0,0,1,0
2051,0_image_755.jpg,0,0,0,1
2052,1_image_755.jpg,0,0,0,1
2053,2_image_755.jpg,0,0,0,1
2057,0_image_759.jpg,0,0,0,1
2058,1_image_759.jpg,0,0,0,1
2059,2_image_759.jpg,0,0,0,1
2062,2_image_766.jpg,1,0,0,0
2063,0_image_770.jpg,0,1,0,0
2064,1_image_770.jpg,0,1,0,0
2065,2_image_770.jpg,0,1,0,0
2066,0_image_772.jpg,0,1,0,0
2067,1_image_772.jpg,0,1,0,0
2068,2_image_772.jpg,0,1,0,0
2069,0_image_773.jpg,0,1,0,0
2070,1_image_773.jpg,0,1,0,0
2071,2_image_773.jpg,0,1,0,0
2072,0_image_774.jpg,0,1,0,0
2073,1_image_774.jpg,0,1,0,0
2074,2_image_774.jpg,0,1,0,0
2075,0_image_775.jpg,0,1,0,0
2076,1_image_775.jpg,0,1,0,0
2077,2_image_775.jpg,0,1,0,0
2078,0_image_778.jpg,0,0,0,1
2079,1_image_778.jpg,0,0,0,1
2080,2_image_778.jpg,0,0,0,1
2081,0_image_782.jpg,0,0,0,1
2082,1_image_782.jpg,0,0,0,1
2083,2_image_782.jpg,0,0,0,1
2084,0_image_786.jpg,0,1,0,0
2085,1_image_786.jpg,0,1,0,0
2086,2_image_786.jpg,0,1,0,0
2087,0_image_788.jpg,0,1,0,0
2088,1_image_788.jpg,0,1,0,0
2089,2_image_788.jpg,0,1,0,0
2090,0_image_794.jpg,0,0,0,1
2091,1_image_794.jpg,0,0,0,1
2092,2_image_794.jpg,0,0,0,1
2093,0_image_796.jpg,0,0,0,1
2094,1_image_796.jpg,0,0,0,1
2095,2_image_796.jpg,0,0,0,1
2096,0_image_797.jpg,0,0,0,1
2097,1_image_797.jpg,0,0,0,1
2098,2_image_797.jpg,0,0,0,1
2099,0_image_799.jpg,0,1,0,0
2100,1_image_799.jpg,0,1,0,0
2101,2_image_799.jpg,0,1,0,0
2105,0_image_801.jpg,0,1,0,0
2106,1_image_801.jpg,0,1,0,0
2107,2_image_801.jpg,0,1,0,0
2108,0_image_802.jpg,0,0,0,1
2109,1_image_802.jpg,0,0,0,1
2110,2_image_802.jpg,0,0,0,1
2111,0_image_806.jpg,0,0,1,0
2112,1_image_806.jpg,0,0,1,0
2113,2_image_806.jpg,0,0,1,0
2114,0_image_810.jpg,0,0,0,1
2115,1_image_810.jpg,0,0,0,1
2116,2_image_810.jpg,0,0,0,1
2117,0_image_811.jpg,0,1,0,0
2118,1_image_811.jpg,0,1,0,0
2119,2_image_811.jpg,0,1,0,0
2120,0_image_813.jpg,1,0,0,0
2121,1_image_813.jpg,1,0,0,0
2122,2_image_813.jpg,1,0,0,0
2123,0_image_817.jpg,0,1,0,0
2124,1_image_817.jpg,0,1,0,0
2125,2_image_817.jpg,0,1,0,0
2126,0_image_818.jpg,0,0,0,1
2127,1_image_818.jpg,0,0,0,1
2128,2_image_818.jpg,0,0,0,1
2131,2_image_819.jpg,1,0,0,0
2132,0_image_821.jpg,0,0,1,0
2133,1_image_821.jpg,0,0,1,0
2134,2_image_821.jpg,0,0,1,0
2135,0_image_822.jpg,0,1,0,0
2136,1_image_822.jpg,0,1,0,0
2137,2_image_822.jpg,0,1,0,0
2138,0_image_823.jpg,0,1,0,0
2139,1_image_823.jpg,0,1,0,0
2140,2_image_823.jpg,0,1,0,0
2141,0_image_825.jpg,0,0,0,1
2142,1_image_825.jpg,0,0,0,1
2143,2_image_825.jpg,0,0,0,1
2145,1_image_827.jpg,1,0,0,0
2146,2_image_827.jpg,1,0,0,0
2147,0_image_828.jpg,0,0,0,1
2148,1_image_828.jpg,0,0,0,1
2149,2_image_828.jpg,0,0,0,1
2150,0_image_830.jpg,1,0,0,0
2158,2_image_834.jpg,1,0,0,0
2161,2_image_835.jpg,1,0,0,0
2162,0_image_836.jpg,0,1,0,0
2163,1_image_836.jpg,0,1,0,0
2164,2_image_836.jpg,0,1,0,0
2171,0_image_842.jpg,0,1,0,0
2172,1_image_842.jpg,0,1,0,0
2173,2_image_842.jpg,0,1,0,0
2174,0_image_843.jpg,0,0,1,0
2175,1_image_843.jpg,0,0,1,0
2176,2_image_843.jpg,0,0,1,0
2177,0_image_845.jpg,0,0,1,0
2178,1_image_845.jpg,0,0,1,0
2179,2_image_845.jpg,0,0,1,0
2183,0_image_847.jpg,1,0,0,0
2186,0_image_848.jpg,0,0,1,0
2187,1_image_848.jpg,0,0,1,0
2188,2_image_848.jpg,0,0,1,0
2189,0_image_849.jpg,0,0,1,0
2190,1_image_849.jpg,0,0,1,0
2191,2_image_849.jpg,0,0,1,0
2192,0_image_851.jpg,0,0,1,0
2193,1_image_851.jpg,0,0,1,0
2194,2_image_851.jpg,0,0,1,0
2195,0_image_853.jpg,0,0,0,1
2196,1_image_853.jpg,0,0,0,1
2197,2_image_853.jpg,0,0,0,1
2201,0_image_856.jpg,0,0,1,0
2202,1_image_856.jpg,0,0,1,0
2203,2_image_856.jpg,0,0,1,0
2204,0_image_857.jpg,0,0,0,1
2205,1_image_857.jpg,0,0,0,1
2206,2_image_857.jpg,0,0,0,1
2207,0_image_858.jpg,0,0,1,0
2208,1_image_858.jpg,0,0,1,0
2209,2_image_858.jpg,0,0,1,0
2216,0_image_863.jpg,0,1,0,0
2217,1_image_863.jpg,0,1,0,0
2218,2_image_863.jpg,0,1,0,0
2219,0_image_865.jpg,1,0,0,0
2222,0_image_867.jpg,0,1,0,0
2223,1_image_867.jpg,0,1,0,0
2224,2_image_867.jpg,0,1,0,0
2228,0_image_870.jpg,0,1,0,0
2229,1_image_870.jpg,0,1,0,0
2230,2_image_870.jpg,0,1,0,0
2233,2_image_871.jpg,1,0,0,0
2234,0_image_872.jpg,0,1,0,0
2235,1_image_872.jpg,0,1,0,0
2236,2_image_872.jpg,0,1,0,0
2237,0_image_873.jpg,1,0,0,0
2239,2_image_873.jpg,1,0,0,0
2240,0_image_875.jpg,1,0,0,0
2243,0_image_877.jpg,0,1,0,0
2244,1_image_877.jpg,0,1,0,0
2245,2_image_877.jpg,0,1,0,0
2247,1_image_878.jpg,1,0,0,0
2248,2_image_878.jpg,1,0,0,0
2249,0_image_879.jpg,0,1,0,0
2250,1_image_879.jpg,0,1,0,0
2251,2_image_879.jpg,0,1,0,0
2253,1_image_880.jpg,1,0,0,0
2254,2_image_880.jpg,1,0,0,0
2255,0_image_882.jpg,1,0,0,0
2259,1_image_884.jpg,1,0,0,0
2261,0_image_886.jpg,1,0,0,0
2262,1_image_886.jpg,1,0,0,0
2266,2_image_906.jpg,1,0,0,0
2270,0_image_929.jpg,1,0,0,0
2271,1_image_929.jpg,1,0,0,0
2277,1_image_947.jpg,1,0,0,0
2284,2_image_968.jpg,1,0,0,0
2290,2_image_977.jpg,1,0,0,0
2292,1_image_978.jpg,1,0,0,0
2299,2_image_988.jpg,1,0,0,0
2300,0_image_1006.jpg,1,0,0,0
2301,1_image_1006.jpg,1,0,0,0
2302,2_image_1006.jpg,1,0,0,0
2304,1_image_1007.jpg,1,0,0,0
2310,1_image_1012.jpg,1,0,0,0
2311,2_image_1012.jpg,1,0,0,0
2312,0_image_1015.jpg,1,0,0,0
2315,0_image_1016.jpg,1,0,0,0
2316,1_image_1016.jpg,1,0,0,0
2317,2_image_1016.jpg,1,0,0,0
2322,1_image_1021.jpg,1,0,0,0
2330,0_image_1031.jpg,1,0,0,0
2334,1_image_1033.jpg,1,0,0,0
2346,1_image_1051.jpg,1,0,0,0
2347,2_image_1051.jpg,1,0,0,0
2348,0_image_1054.jpg,1,0,0,0
2353,2_image_1059.jpg,1,0,0,0
2354,0_image_1061.jpg,1,0,0,0
2359,2_image_1064.jpg,1,0,0,0
2364,1_image_1084.jpg,1,0,0,0
2365,2_image_1084.jpg,1,0,0,0
2371,2_image_1126.jpg,1,0,0,0
2383,2_image_1132.jpg,1,0,0,0
2384,0_image_1135.jpg,1,0,0,0
2387,0_image_1138.jpg,1,0,0,0
2389,2_image_1138.jpg,1,0,0,0
2390,0_image_1139.jpg,1,0,0,0
2397,1_image_1143.jpg,1,0,0,0
2398,2_image_1143.jpg,1,0,0,0
2405,0_image_1150.jpg,1,0,0,0
2407,2_image_1150.jpg,1,0,0,0
2412,1_image_1154.jpg,1,0,0,0
2414,0_image_1155.jpg,1,0,0,0
2416,2_image_1155.jpg,1,0,0,0
2430,1_image_1168.jpg,1,0,0,0
2432,0_image_1169.jpg,1,0,0,0
2434,2_image_1169.jpg,1,0,0,0
2436,1_image_1170.jpg,1,0,0,0
2440,2_image_1173.jpg,1,0,0,0
2442,1_image_1175.jpg,1,0,0,0
2448,1_image_1179.jpg,1,0,0,0
2450,0_image_1181.jpg,1,0,0,0
2452,2_image_1181.jpg,1,0,0,0
2453,0_image_1183.jpg,1,0,0,0
2462,0_image_1193.jpg,1,0,0,0
2463,1_image_1193.jpg,1,0,0,0
2464,2_image_1193.jpg,1,0,0,0
2465,0_image_1194.jpg,1,0,0,0
2468,0_image_1196.jpg,1,0,0,0
2473,2_image_1199.jpg,1,0,0,0
2476,2_image_1200.jpg,1,0,0,0
2479,2_image_1203.jpg,1,0,0,0
2481,1_image_1204.jpg,1,0,0,0
2486,0_image_1208.jpg,1,0,0,0
2493,1_image_1215.jpg,1,0,0,0
2495,0_image_1217.jpg,1,0,0,0
2496,1_image_1217.jpg,1,0,0,0
2497,2_image_1217.jpg,1,0,0,0
2498,0_image_1220.jpg,1,0,0,0
2505,1_image_1225.jpg,1,0,0,0
2508,1_image_1229.jpg,1,0,0,0
2514,1_image_1234.jpg,1,0,0,0
2520,1_image_1238.jpg,1,0,0,0
2528,0_image_1247.jpg,1,0,0,0
2532,1_image_1251.jpg,1,0,0,0
2541,1_image_1257.jpg,1,0,0,0
2542,2_image_1257.jpg,1,0,0,0
2544,1_image_1259.jpg,1,0,0,0
2554,2_image_1264.jpg,1,0,0,0
2555,0_image_1267.jpg,1,0,0,0
2557,2_image_1267.jpg,1,0,0,0
2561,0_image_1272.jpg,1,0,0,0
2565,1_image_1278.jpg,1,0,0,0
2566,2_image_1278.jpg,1,0,0,0
2571,1_image_1285.jpg,1,0,0,0
2572,2_image_1285.jpg,1,0,0,0
2573,0_image_1286.jpg,1,0,0,0
2574,1_image_1286.jpg,1,0,0,0
2576,0_image_1288.jpg,1,0,0,0
2582,0_image_1293.jpg,1,0,0,0
2584,2_image_1293.jpg,1,0,0,0
2585,0_image_1295.jpg,1,0,0,0
2592,1_image_1300.jpg,1,0,0,0
2594,0_image_1302.jpg,1,0,0,0
2598,1_image_1342.jpg,1,0,0,0
2599,2_image_1342.jpg,1,0,0,0
2604,1_image_1368.jpg,1,0,0,0
2606,0_image_1370.jpg,1,0,0,0
2612,0_image_1375.jpg,1,0,0,0
2616,1_image_1376.jpg,1,0,0,0
2620,2_image_1379.jpg,1,0,0,0
2625,1_image_1382.jpg,1,0,0,0
2631,1_image_1391.jpg,1,0,0,0
2632,2_image_1391.jpg,1,0,0,0
2635,2_image_1404.jpg,1,0,0,0
2636,0_image_1406.jpg,0,0,0,1
2637,1_image_1406.jpg,0,0,0,1
2638,2_image_1406.jpg,0,0,0,1
2652,1_image_1433.jpg,1,0,0,0
2655,1_image_1437.jpg,1,0,0,0
2659,2_image_1439.jpg,1,0,0,0
2660,0_image_1445.jpg,1,0,0,0
2664,1_image_1458.jpg,1,0,0,0
2666,0_image_1460.jpg,1,0,0,0
2667,1_image_1460.jpg,1,0,0,0
2669,0_image_1461.jpg,1,0,0,0
2671,2_image_1461.jpg,1,0,0,0
2672,0_image_1465.jpg,1,0,0,0
2678,0_image_1477.jpg,0,1,0,0
2679,1_image_1477.jpg,0,1,0,0
2680,2_image_1477.jpg,0,1,0,0
2684,0_image_1503.jpg,1,0,0,0
2690,0_image_1524.jpg,1,0,0,0
2693,0_image_1546.jpg,0,1,0,0
2694,1_image_1546.jpg,0,1,0,0
2695,2_image_1546.jpg,0,1,0,0
2696,0_image_1548.jpg,0,1,0,0
2697,1_image_1548.jpg,0,1,0,0
2698,2_image_1548.jpg,0,1,0,0
2701,2_image_1551.jpg,1,0,0,0
2705,0_image_1558.jpg,0,1,0,0
2706,1_image_1558.jpg,0,1,0,0
2707,2_image_1558.jpg,0,1,0,0
2710,2_image_1563.jpg,1,0,0,0
2712,1_image_1565.jpg,1,0,0,0
2714,0_image_1571.jpg,1,0,0,0
2716,2_image_1571.jpg,1,0,0,0
2723,0_image_1607.jpg,1,0,0,0
2724,1_image_1607.jpg,1,0,0,0
2726,0_image_1616.jpg,1,0,0,0
2727,1_image_1616.jpg,1,0,0,0
2729,0_image_1618.jpg,1,0,0,0
2741,0_image_1627.jpg,1,0,0,0
2742,1_image_1627.jpg,1,0,0,0
2745,1_image_1629.jpg,1,0,0,0
2749,2_image_1632.jpg,1,0,0,0
2751,1_image_1634.jpg,1,0,0,0
2756,0_image_1638.jpg,1,0,0,0
2758,2_image_1638.jpg,1,0,0,0
2764,2_image_1643.jpg,1,0,0,0
2765,0_image_1647.jpg,1,0,0,0
2770,2_image_1648.jpg,1,0,0,0
2773,2_image_1650.jpg,1,0,0,0
2775,1_image_1652.jpg,1,0,0,0
2777,0_image_1655.jpg,1,0,0,0
2781,1_image_1657.jpg,1,0,0,0
2788,2_image_1677.jpg,1,0,0,0
2789,0_image_1701.jpg,1,0,0,0
2794,2_image_1862.jpg,1,0,0,0
2799,1_image_1893.jpg,1,0,0,0
2802,1_image_1909.jpg,1,0,0,0
2804,0_image_1985.jpg,0,1,0,0
2805,1_image_1985.jpg,0,1,0,0
2806,2_image_1985.jpg,0,1,0,0
2807,0_image_1986.jpg,0,1,0,0
2808,1_image_1986.jpg,0,1,0,0
2809,2_image_1986.jpg,0,1,0,0
2810,0_image_1988.jpg,0,1,0,0
2811,1_image_1988.jpg,0,1,0,0
2812,2_image_1988.jpg,0,1,0,0
2819,0_image_2090.jpg,0,1,0,0
2820,1_image_2090.jpg,0,1,0,0
2821,2_image_2090.jpg,0,1,0,0
2825,0_image_2226.jpg,1,0,0,0
2826,1_image_2226.jpg,1,0,0,0
2827,2_image_2226.jpg,1,0,0,0
2832,1_image_2386.jpg,1,0,0,0
2833,2_image_2386.jpg,1,0,0,0
2837,0_image_2390.jpg,1,0,0,0
2838,1_image_2390.jpg,1,0,0,0
2843,0_image_2394.jpg,1,0,0,0
2845,2_image_2394.jpg,1,0,0,0
2848,2_image_2396.jpg,1,0,0,0
2850,1_image_2398.jpg,1,0,0,0
2853,1_image_2400.jpg,1,0,0,0
2862,1_image_2410.jpg,1,0,0,0
2864,0_image_2412.jpg,1,0,0,0
2868,1_image_2414.jpg,1,0,0,0
2870,0_image_2415.jpg,1,0,0,0
2871,1_image_2415.jpg,1,0,0,0
2874,1_image_2416.jpg,1,0,0,0
2877,1_image_2417.jpg,1,0,0,0
2881,2_image_2418.jpg,1,0,0,0
2883,1_image_2420.jpg,1,0,0,0
2890,2_image_2424.jpg,1,0,0,0
2892,1_image_2426.jpg,1,0,0,0
2895,1_image_2428.jpg,1,0,0,0
2896,2_image_2428.jpg,1,0,0,0
2897,0_image_2430.jpg,1,0,0,0
2899,2_image_2430.jpg,1,0,0,0
2900,0_image_2431.jpg,1,0,0,0
2901,1_image_2431.jpg,1,0,0,0
2906,0_image_2433.jpg,1,0,0,0
2910,1_image_2434.jpg,1,0,0,0
2917,2_image_2438.jpg,1,0,0,0
2922,1_image_2442.jpg,1,0,0,0
2930,0_image_2447.jpg,1,0,0,0
2932,2_image_2447.jpg,1,0,0,0
2933,0_image_2448.jpg,1,0,0,0
2934,1_image_2448.jpg,1,0,0,0
2937,1_image_2449.jpg,1,0,0,0
2938,2_image_2449.jpg,1,0,0,0
2939,0_image_2450.jpg,1,0,0,0
2943,1_image_2451.jpg,1,0,0,0
2944,2_image_2451.jpg,1,0,0,0
2945,0_image_2452.jpg,1,0,0,0
2946,1_image_2452.jpg,1,0,0,0
2949,1_image_2453.jpg,1,0,0,0
2951,0_image_2454.jpg,1,0,0,0
2958,1_image_2456.jpg,1,0,0,0
2965,2_image_2458.jpg,1,0,0,0
2967,1_image_2459.jpg,1,0,0,0
2972,0_image_2462.jpg,1,0,0,0
2977,2_image_2464.jpg,1,0,0,0
2979,1_image_2466.jpg,1,0,0,0
2981,0_image_2468.jpg,1,0,0,0
2990,0_image_2472.jpg,1,0,0,0
2994,1_image_2473.jpg,1,0,0,0
