,image_name,crack_0.0,crack_0.33,crack_0.66,crack_1.0
5,image_5.jpg,1,0,0,0
6,image_6.jpg,1,0,0,0
7,image_7.jpg,0,1,0,0
11,image_15.jpg,1,0,0,0
16,image_21.jpg,1,0,0,0
19,image_24.jpg,0,1,0,0
23,image_28.jpg,1,0,0,0
26,image_31.jpg,1,0,0,0
27,image_32.jpg,1,0,0,0
28,image_33.jpg,1,0,0,0
29,image_34.jpg,1,0,0,0
31,image_36.jpg,0,0,0,1
33,image_39.jpg,1,0,0,0
34,image_41.jpg,1,0,0,0
37,image_44.jpg,0,0,1,0
39,image_50.jpg,0,0,0,1
42,image_56.jpg,1,0,0,0
43,image_57.jpg,1,0,0,0
44,image_58.jpg,1,0,0,0
46,image_60.jpg,0,0,0,1
48,image_62.jpg,0,0,1,0
50,image_64.jpg,1,0,0,0
53,image_73.jpg,1,0,0,0
56,image_76.jpg,0,1,0,0
57,image_78.jpg,1,0,0,0
58,image_79.jpg,0,0,0,1
60,image_81.jpg,1,0,0,0
61,image_84.jpg,1,0,0,0
64,image_88.jpg,0,0,0,1
66,image_91.jpg,0,1,0,0
67,image_93.jpg,1,0,0,0
68,image_95.jpg,1,0,0,0
74,image_104.jpg,1,0,0,0
75,image_105.jpg,1,0,0,0
83,image_113.jpg,1,0,0,0
84,image_114.jpg,1,0,0,0
86,image_117.jpg,0,0,0,1
88,image_119.jpg,1,0,0,0
89,image_121.jpg,0,0,1,0
92,image_126.jpg,1,0,0,0
99,image_137.jpg,1,0,0,0
100,image_138.jpg,1,0,0,0
101,image_139.jpg,1,0,0,0
103,image_142.jpg,0,0,0,1
104,image_143.jpg,1,0,0,0
106,image_145.jpg,1,0,0,0
107,image_146.jpg,1,0,0,0
112,image_152.jpg,1,0,0,0
113,image_153.jpg,0,0,0,1
116,image_157.jpg,1,0,0,0
123,image_167.jpg,0,0,0,1
124,image_168.jpg,0,0,1,0
132,image_181.jpg,0,1,0,0
135,image_184.jpg,0,0,0,1
136,image_185.jpg,1,0,0,0
137,image_186.jpg,1,0,0,0
138,image_187.jpg,0,0,1,0
139,image_188.jpg,0,1,0,0
140,image_190.jpg,1,0,0,0
142,image_194.jpg,0,1,0,0
144,image_196.jpg,1,0,0,0
147,image_201.jpg,1,0,0,0
148,image_203.jpg,0,0,1,0
149,image_204.jpg,1,0,0,0
153,image_211.jpg,0,1,0,0
155,image_214.jpg,1,0,0,0
158,image_218.jpg,0,1,0,0
161,image_221.jpg,1,0,0,0
163,image_223.jpg,1,0,0,0
165,image_225.jpg,0,1,0,0
166,image_226.jpg,1,0,0,0
173,image_240.jpg,1,0,0,0
178,image_245.jpg,1,0,0,0
181,image_248.jpg,0,0,0,1
182,image_249.jpg,1,0,0,0
183,image_250.jpg,1,0,0,0
188,image_255.jpg,0,1,0,0
191,image_258.jpg,0,0,1,0
195,image_262.jpg,0,1,0,0
197,image_264.jpg,1,0,0,0
198,image_266.jpg,1,0,0,0
200,image_269.jpg,1,0,0,0
202,image_273.jpg,0,1,0,0
203,image_274.jpg,0,0,0,1
205,image_276.jpg,1,0,0,0
206,image_277.jpg,0,1,0,0
207,image_278.jpg,1,0,0,0
208,image_279.jpg,1,0,0,0
209,image_283.jpg,0,1,0,0
217,image_298.jpg,1,0,0,0
218,image_300.jpg,0,0,0,1
224,image_309.jpg,0,0,0,1
225,image_310.jpg,0,1,0,0
228,image_321.jpg,0,0,0,1
229,image_326.jpg,0,0,0,1
231,image_331.jpg,0,0,0,1
237,image_337.jpg,0,0,0,1
238,image_338.jpg,0,0,0,1
239,image_339.jpg,0,1,0,0
244,image_344.jpg,1,0,0,0
246,image_346.jpg,1,0,0,0
248,image_348.jpg,1,0,0,0
250,image_350.jpg,1,0,0,0
252,image_352.jpg,1,0,0,0
253,image_353.jpg,1,0,0,0
255,image_355.jpg,1,0,0,0
256,image_356.jpg,0,0,0,1
257,image_357.jpg,0,0,1,0
260,image_360.jpg,0,0,0,1
262,image_362.jpg,1,0,0,0
264,image_364.jpg,1,0,0,0
265,image_365.jpg,0,1,0,0
266,image_370.jpg,0,1,0,0
267,image_371.jpg,0,0,0,1
270,image_391.jpg,0,1,0,0
271,image_392.jpg,0,0,0,1
272,image_401.jpg,0,0,0,1
274,image_404.jpg,0,0,0,1
278,image_408.jpg,1,0,0,0
279,image_409.jpg,0,0,0,1
280,image_410.jpg,0,1,0,0
285,image_415.jpg,1,0,0,0
291,image_421.jpg,1,0,0,0
293,image_423.jpg,1,0,0,0
295,image_425.jpg,1,0,0,0
296,image_426.jpg,0,0,1,0
298,image_428.jpg,1,0,0,0
299,image_429.jpg,0,1,0,0
302,image_432.jpg,1,0,0,0
305,image_441.jpg,0,0,1,0
306,image_442.jpg,1,0,0,0
310,image_448.jpg,0,0,0,1
314,image_470.jpg,0,1,0,0
317,image_474.jpg,0,0,0,1
318,image_475.jpg,1,0,0,0
320,image_479.jpg,0,0,1,0
322,image_485.jpg,1,0,0,0
323,image_489.jpg,1,0,0,0
326,image_497.jpg,0,1,0,0
327,image_501.jpg,0,1,0,0
329,image_505.jpg,1,0,0,0
330,image_506.jpg,0,0,0,1
332,image_509.jpg,0,1,0,0
333,image_510.jpg,0,0,0,1
336,image_515.jpg,0,1,0,0
337,image_516.jpg,1,0,0,0
339,image_520.jpg,0,0,0,1
340,image_522.jpg,1,0,0,0
345,image_538.jpg,1,0,0,0
349,image_547.jpg,0,0,1,0
350,image_549.jpg,0,0,0,1
353,image_554.jpg,0,0,0,1
355,image_558.jpg,1,0,0,0
358,image_562.jpg,0,1,0,0
360,image_567.jpg,1,0,0,0
361,image_571.jpg,0,1,0,0
362,image_573.jpg,1,0,0,0
364,image_575.jpg,0,0,0,1
366,image_579.jpg,1,0,0,0
367,image_581.jpg,0,1,0,0
370,image_590.jpg,1,0,0,0
371,image_591.jpg,1,0,0,0
375,image_601.jpg,1,0,0,0
377,image_604.jpg,0,1,0,0
381,image_611.jpg,0,0,1,0
382,image_612.jpg,1,0,0,0
384,image_618.jpg,1,0,0,0
385,image_619.jpg,0,0,0,1
387,image_625.jpg,0,1,0,0
388,image_627.jpg,1,0,0,0
390,image_632.jpg,1,0,0,0
394,image_645.jpg,0,0,1,0
396,image_650.jpg,1,0,0,0
398,image_652.jpg,1,0,0,0
402,image_661.jpg,0,1,0,0
403,image_662.jpg,0,0,1,0
407,image_673.jpg,0,1,0,0
414,image_693.jpg,1,0,0,0
418,image_702.jpg,1,0,0,0
420,image_704.jpg,1,0,0,0
422,image_707.jpg,0,0,0,1
423,image_708.jpg,1,0,0,0
425,image_715.jpg,0,0,0,1
426,image_722.jpg,0,0,0,1
431,image_736.jpg,0,1,0,0
432,image_744.jpg,1,0,0,0
433,image_752.jpg,1,0,0,0
434,image_755.jpg,1,0,0,0
435,image_757.jpg,0,1,0,0
436,image_759.jpg,1,0,0,0
437,image_766.jpg,0,0,0,1
440,image_773.jpg,1,0,0,0
442,image_775.jpg,1,0,0,0
443,image_778.jpg,1,0,0,0
449,image_797.jpg,1,0,0,0
451,image_800.jpg,0,0,0,1
453,image_802.jpg,1,0,0,0
454,image_806.jpg,1,0,0,0
457,image_813.jpg,0,0,0,1
460,image_819.jpg,0,0,1,0
465,image_827.jpg,0,0,1,0
467,image_830.jpg,1,0,0,0
470,image_835.jpg,0,1,0,0
471,image_836.jpg,1,0,0,0
472,image_837.jpg,1,0,0,0
477,image_846.jpg,0,1,0,0
478,image_847.jpg,0,0,1,0
480,image_849.jpg,1,0,0,0
482,image_853.jpg,1,0,0,0
483,image_855.jpg,0,1,0,0
484,image_856.jpg,1,0,0,0
486,image_858.jpg,1,0,0,0
490,image_865.jpg,1,0,0,0
492,image_869.jpg,1,0,0,0
494,image_871.jpg,1,0,0,0
495,image_872.jpg,1,0,0,0
499,image_878.jpg,1,0,0,0
505,image_906.jpg,0,0,1,0
506,image_920.jpg,0,0,1,0
507,image_929.jpg,0,0,0,1
508,image_942.jpg,0,0,1,0
509,image_947.jpg,0,0,0,1
510,image_952.jpg,0,1,0,0
511,image_968.jpg,0,1,0,0
512,image_971.jpg,0,0,1,0
513,image_977.jpg,0,0,1,0
514,image_978.jpg,0,1,0,0
515,image_986.jpg,0,0,0,1
516,image_988.jpg,0,1,0,0
517,image_1006.jpg,0,0,1,0
518,image_1007.jpg,0,1,0,0
519,image_1010.jpg,0,0,0,1
520,image_1012.jpg,0,0,1,0
521,image_1015.jpg,0,0,0,1
522,image_1016.jpg,0,0,1,0
523,image_1017.jpg,0,1,0,0
524,image_1021.jpg,0,0,0,1
525,image_1022.jpg,0,0,1,0
526,image_1029.jpg,0,0,1,0
527,image_1031.jpg,0,0,0,1
528,image_1033.jpg,0,0,1,0
529,image_1042.jpg,0,0,1,0
530,image_1046.jpg,0,1,0,0
531,image_1050.jpg,0,0,1,0
532,image_1051.jpg,0,1,0,0
533,image_1054.jpg,0,1,0,0
534,image_1059.jpg,0,1,0,0
535,image_1061.jpg,0,1,0,0
536,image_1064.jpg,0,1,0,0
537,image_1077.jpg,0,0,0,1
538,image_1084.jpg,0,1,0,0
539,image_1111.jpg,0,1,0,0
540,image_1126.jpg,0,1,0,0
541,image_1128.jpg,0,1,0,0
542,image_1129.jpg,0,0,0,1
543,image_1131.jpg,0,0,0,1
544,image_1132.jpg,0,0,1,0
545,image_1135.jpg,0,1,0,0
546,image_1138.jpg,0,0,0,1
547,image_1139.jpg,0,1,0,0
548,image_1142.jpg,0,0,0,1
549,image_1143.jpg,0,0,1,0
550,image_1145.jpg,0,0,0,1
551,image_1147.jpg,0,1,0,0
552,image_1150.jpg,0,0,0,1
553,image_1152.jpg,0,1,0,0
554,image_1154.jpg,0,0,1,0
555,image_1155.jpg,0,0,0,1
556,image_1158.jpg,0,1,0,0
557,image_1161.jpg,0,1,0,0
558,image_1164.jpg,0,0,0,1
559,image_1166.jpg,0,0,0,1
560,image_1168.jpg,0,0,1,0
561,image_1169.jpg,0,0,0,1
562,image_1170.jpg,0,1,0,0
563,image_1173.jpg,0,0,0,1
564,image_1175.jpg,0,0,0,1
565,image_1176.jpg,0,1,0,0
566,image_1179.jpg,0,1,0,0
567,image_1181.jpg,0,1,0,0
568,image_1183.jpg,0,1,0,0
569,image_1185.jpg,0,1,0,0
570,image_1191.jpg,0,1,0,0
571,image_1193.jpg,0,1,0,0
572,image_1194.jpg,0,0,0,1
573,image_1196.jpg,0,0,0,1
574,image_1199.jpg,0,0,0,1
575,image_1200.jpg,0,1,0,0
576,image_1203.jpg,0,1,0,0
577,image_1204.jpg,0,0,0,1
578,image_1207.jpg,0,0,0,1
579,image_1208.jpg,0,1,0,0
580,image_1213.jpg,0,0,0,1
581,image_1215.jpg,0,1,0,0
582,image_1217.jpg,0,0,0,1
583,image_1220.jpg,0,0,0,1
584,image_1224.jpg,0,1,0,0
585,image_1225.jpg,0,0,1,0
586,image_1229.jpg,0,0,0,1
587,image_1232.jpg,0,1,0,0
588,image_1234.jpg,0,0,0,1
589,image_1236.jpg,0,1,0,0
590,image_1238.jpg,0,0,0,1
591,image_1242.jpg,0,1,0,0
592,image_1244.jpg,0,0,0,1
593,image_1247.jpg,0,1,0,0
594,image_1251.jpg,0,0,1,0
595,image_1252.jpg,0,1,0,0
596,image_1253.jpg,0,0,0,1
597,image_1257.jpg,0,0,1,0
598,image_1259.jpg,0,0,0,1
599,image_1261.jpg,0,0,0,1
600,image_1262.jpg,0,1,0,0
601,image_1264.jpg,0,0,0,1
602,image_1267.jpg,0,0,1,0
603,image_1270.jpg,0,0,0,1
604,image_1272.jpg,0,1,0,0
605,image_1278.jpg,0,0,0,1
606,image_1280.jpg,0,0,0,1
607,image_1285.jpg,0,0,0,1
608,image_1286.jpg,0,0,1,0
609,image_1288.jpg,0,0,0,1
610,image_1290.jpg,0,0,0,1
611,image_1293.jpg,0,0,0,1
612,image_1295.jpg,0,0,0,1
613,image_1298.jpg,0,1,0,0
614,image_1300.jpg,0,0,0,1
615,image_1302.jpg,0,1,0,0
616,image_1342.jpg,0,1,0,0
617,image_1366.jpg,0,0,0,1
618,image_1368.jpg,0,0,0,1
619,image_1370.jpg,0,0,1,0
620,image_1372.jpg,0,0,0,1
621,image_1375.jpg,0,0,0,1
622,image_1376.jpg,0,1,0,0
623,image_1379.jpg,0,1,0,0
624,image_1380.jpg,0,0,0,1
625,image_1382.jpg,0,0,1,0
626,image_1383.jpg,0,0,0,1
627,image_1391.jpg,0,1,0,0
628,image_1404.jpg,0,1,0,0
630,image_1408.jpg,0,0,0,1
631,image_1417.jpg,0,1,0,0
632,image_1426.jpg,0,0,0,1
633,image_1431.jpg,0,1,0,0
634,image_1433.jpg,0,0,0,1
635,image_1437.jpg,0,1,0,0
636,image_1439.jpg,0,1,0,0
637,image_1445.jpg,0,1,0,0
638,image_1458.jpg,0,1,0,0
639,image_1460.jpg,0,1,0,0
640,image_1461.jpg,0,0,1,0
641,image_1465.jpg,0,1,0,0
642,image_1467.jpg,0,0,0,1
644,image_1478.jpg,0,1,0,0
645,image_1503.jpg,0,1,0,0
646,image_1507.jpg,0,1,0,0
647,image_1524.jpg,0,1,0,0
649,image_1548.jpg,1,0,0,0
650,image_1551.jpg,0,0,0,1
651,image_1552.jpg,0,0,1,0
652,image_1558.jpg,1,0,0,0
653,image_1563.jpg,0,0,0,1
654,image_1565.jpg,0,0,1,0
655,image_1571.jpg,0,1,0,0
656,image_1577.jpg,0,0,0,1
657,image_1599.jpg,0,1,0,0
658,image_1607.jpg,0,1,0,0
659,image_1616.jpg,0,1,0,0
660,image_1618.jpg,0,1,0,0
661,image_1620.jpg,0,0,1,0
662,image_1623.jpg,0,1,0,0
663,image_1625.jpg,0,1,0,0
664,image_1627.jpg,0,1,0,0
665,image_1629.jpg,0,1,0,0
666,image_1632.jpg,0,0,1,0
667,image_1634.jpg,0,0,1,0
668,image_1636.jpg,0,0,0,1
669,image_1638.jpg,0,1,0,0
670,image_1640.jpg,0,0,1,0
671,image_1643.jpg,0,1,0,0
672,image_1647.jpg,0,0,0,1
673,image_1648.jpg,0,1,0,0
674,image_1650.jpg,0,0,1,0
675,image_1652.jpg,0,0,1,0
676,image_1655.jpg,0,0,1,0
677,image_1657.jpg,0,0,0,1
678,image_1663.jpg,0,1,0,0
679,image_1677.jpg,0,1,0,0
680,image_1701.jpg,0,1,0,0
681,image_1862.jpg,0,1,0,0
682,image_1873.jpg,0,0,1,0
683,image_1893.jpg,0,1,0,0
684,image_1909.jpg,0,1,0,0
688,image_2068.jpg,0,1,0,0
689,image_2073.jpg,0,1,0,0
690,image_2090.jpg,1,0,0,0
691,image_2161.jpg,0,1,0,0
692,image_2226.jpg,0,0,0,1
693,image_2381.jpg,0,0,0,1
694,image_2386.jpg,0,0,0,1
695,image_2388.jpg,0,0,0,1
696,image_2390.jpg,0,0,0,1
697,image_2392.jpg,0,0,0,1
698,image_2394.jpg,0,0,0,1
699,image_2396.jpg,0,0,0,1
700,image_2398.jpg,0,0,0,1
701,image_2400.jpg,0,0,0,1
702,image_2403.jpg,0,0,0,1
704,image_2410.jpg,0,0,0,1
705,image_2412.jpg,0,0,0,1
706,image_2414.jpg,0,0,0,1
707,image_2415.jpg,0,0,0,1
708,image_2416.jpg,0,0,0,1
709,image_2417.jpg,0,0,0,1
710,image_2418.jpg,0,0,0,1
711,image_2420.jpg,0,0,0,1
712,image_2421.jpg,1,0,0,0
713,image_2424.jpg,1,0,0,0
714,image_2426.jpg,1,0,0,0
716,image_2430.jpg,0,0,0,1
717,image_2431.jpg,0,0,0,1
718,image_2432.jpg,0,0,0,1
719,image_2433.jpg,0,0,0,1
720,image_2434.jpg,0,0,0,1
721,image_2436.jpg,0,0,0,1
722,image_2438.jpg,0,0,0,1
725,image_2444.jpg,1,0,0,0
733,image_2453.jpg,1,0,0,0
734,image_2454.jpg,1,0,0,0
736,image_2456.jpg,1,0,0,0
737,image_2457.jpg,1,0,0,0
738,image_2458.jpg,1,0,0,0
741,image_2462.jpg,1,0,0,0
744,image_2468.jpg,1,0,0,0
745,image_2470.jpg,1,0,0,0
746,image_2471.jpg,1,0,0,0
747,image_2472.jpg,1,0,0,0
748,image_2473.jpg,1,0,0,0
750,1_image_0.jpg,1,0,0,0
751,2_image_0.jpg,1,0,0,0
753,1_image_1.jpg,1,0,0,0
763,2_image_4.jpg,1,0,0,0
764,0_image_5.jpg,1,0,0,0
765,1_image_5.jpg,1,0,0,0
768,1_image_6.jpg,1,0,0,0
770,0_image_7.jpg,0,1,0,0
771,1_image_7.jpg,0,1,0,0
772,2_image_7.jpg,0,1,0,0
780,1_image_14.jpg,1,0,0,0
788,0_image_18.jpg,1,0,0,0
789,1_image_18.jpg,1,0,0,0
790,2_image_18.jpg,1,0,0,0
793,2_image_19.jpg,1,0,0,0
794,0_image_20.jpg,1,0,0,0
802,2_image_22.jpg,1,0,0,0
806,0_image_24.jpg,0,1,0,0
807,1_image_24.jpg,0,1,0,0
808,2_image_24.jpg,0,1,0,0
809,0_image_25.jpg,1,0,0,0
813,1_image_26.jpg,1,0,0,0
815,0_image_27.jpg,1,0,0,0
818,0_image_28.jpg,1,0,0,0
819,1_image_28.jpg,1,0,0,0
823,2_image_29.jpg,1,0,0,0
828,1_image_31.jpg,1,0,0,0
836,0_image_34.jpg,1,0,0,0
837,1_image_34.jpg,1,0,0,0
840,1_image_35.jpg,1,0,0,0
841,2_image_35.jpg,1,0,0,0
842,0_image_36.jpg,0,0,0,1
843,1_image_36.jpg,0,0,0,1
844,2_image_36.jpg,0,0,0,1
845,0_image_37.jpg,1,0,0,0
848,0_image_39.jpg,1,0,0,0
856,2_image_42.jpg,1,0,0,0
857,0_image_43.jpg,1,0,0,0
860,0_image_44.jpg,0,0,1,0
861,1_image_44.jpg,0,0,1,0
862,2_image_44.jpg,0,0,1,0
866,0_image_50.jpg,0,0,0,1
867,1_image_50.jpg,0,0,0,1
868,2_image_50.jpg,0,0,0,1
871,2_image_51.jpg,1,0,0,0
875,0_image_56.jpg,1,0,0,0
878,0_image_57.jpg,1,0,0,0
883,2_image_58.jpg,1,0,0,0
887,0_image_60.jpg,0,0,0,1
888,1_image_60.jpg,0,0,0,1
889,2_image_60.jpg,0,0,0,1
890,0_image_61.jpg,1,0,0,0
893,0_image_62.jpg,0,0,1,0
894,1_image_62.jpg,0,0,1,0
895,2_image_62.jpg,0,0,1,0
897,1_image_63.jpg,1,0,0,0
899,0_image_64.jpg,1,0,0,0
902,0_image_68.jpg,1,0,0,0
903,1_image_68.jpg,1,0,0,0
907,2_image_71.jpg,1,0,0,0
908,0_image_73.jpg,1,0,0,0
917,0_image_76.jpg,0,1,0,0
918,1_image_76.jpg,0,1,0,0
919,2_image_76.jpg,0,1,0,0
920,0_image_78.jpg,1,0,0,0
923,0_image_79.jpg,0,0,0,1
924,1_image_79.jpg,0,0,0,1
925,2_image_79.jpg,0,0,0,1
926,0_image_80.jpg,1,0,0,0
929,0_image_81.jpg,1,0,0,0
933,1_image_84.jpg,1,0,0,0
935,0_image_86.jpg,1,0,0,0
938,0_image_87.jpg,1,0,0,0
941,0_image_88.jpg,0,0,0,1
942,1_image_88.jpg,0,0,0,1
943,2_image_88.jpg,0,0,0,1
945,1_image_90.jpg,1,0,0,0
946,2_image_90.jpg,1,0,0,0
947,0_image_91.jpg,0,1,0,0
948,1_image_91.jpg,0,1,0,0
949,2_image_91.jpg,0,1,0,0
950,0_image_93.jpg,1,0,0,0
954,1_image_95.jpg,1,0,0,0
955,2_image_95.jpg,1,0,0,0
959,0_image_98.jpg,1,0,0,0
966,1_image_100.jpg,1,0,0,0
968,0_image_102.jpg,1,0,0,0
971,0_image_104.jpg,1,0,0,0
975,1_image_105.jpg,1,0,0,0
980,0_image_107.jpg,1,0,0,0
992,0_image_111.jpg,1,0,0,0
994,2_image_111.jpg,1,0,0,0
995,0_image_112.jpg,1,0,0,0
1002,1_image_114.jpg,1,0,0,0
1006,2_image_116.jpg,1,0,0,0
1007,0_image_117.jpg,0,0,0,1
1008,1_image_117.jpg,0,0,0,1
1009,2_image_117.jpg,0,0,0,1
1010,0_image_118.jpg,1,0,0,0
1015,2_image_119.jpg,1,0,0,0
1016,0_image_121.jpg,0,0,1,0
1017,1_image_121.jpg,0,0,1,0
1018,2_image_121.jpg,0,0,1,0
1019,0_image_124.jpg,1,0,0,0
1024,2_image_125.jpg,1,0,0,0
1031,0_image_130.jpg,1,0,0,0
1038,1_image_133.jpg,1,0,0,0
1040,0_image_134.jpg,1,0,0,0
1045,2_image_136.jpg,1,0,0,0
1049,0_image_138.jpg,1,0,0,0
1050,1_image_138.jpg,1,0,0,0
1051,2_image_138.jpg,1,0,0,0
1058,0_image_142.jpg,0,0,0,1
1059,1_image_142.jpg,0,0,0,1
1060,2_image_142.jpg,0,0,0,1
1063,2_image_143.jpg,1,0,0,0
1064,0_image_144.jpg,1,0,0,0
1065,1_image_144.jpg,1,0,0,0
1070,0_image_146.jpg,1,0,0,0
1073,0_image_147.jpg,1,0,0,0
1077,1_image_148.jpg,1,0,0,0
1084,2_image_151.jpg,1,0,0,0
1088,0_image_153.jpg,0,0,0,1
1089,1_image_153.jpg,0,0,0,1
1090,2_image_153.jpg,0,0,0,1
1091,0_image_155.jpg,1,0,0,0
1109,0_image_162.jpg,1,0,0,0
1111,2_image_162.jpg,1,0,0,0
1118,0_image_167.jpg,0,0,0,1
1119,1_image_167.jpg,0,0,0,1
1120,2_image_167.jpg,0,0,0,1
1121,0_image_168.jpg,0,0,1,0
1122,1_image_168.jpg,0,0,1,0
1123,2_image_168.jpg,0,0,1,0
1126,2_image_169.jpg,1,0,0,0
1129,2_image_170.jpg,1,0,0,0
1133,0_image_175.jpg,1,0,0,0
1135,2_image_175.jpg,1,0,0,0
1137,1_image_177.jpg,1,0,0,0
1145,0_image_181.jpg,0,1,0,0
1146,1_image_181.jpg,0,1,0,0
1147,2_image_181.jpg,0,1,0,0
1154,0_image_184.jpg,0,0,0,1
1155,1_image_184.jpg,0,0,0,1
1156,2_image_184.jpg,0,0,0,1
1160,0_image_186.jpg,1,0,0,0
1162,2_image_186.jpg,1,0,0,0
1163,0_image_187.jpg,0,0,1,0
1164,1_image_187.jpg,0,0,1,0
1165,2_image_187.jpg,0,0,1,0
1166,0_image_188.jpg,0,1,0,0
1167,1_image_188.jpg,0,1,0,0
1168,2_image_188.jpg,0,1,0,0
1170,1_image_190.jpg,1,0,0,0
1172,0_image_192.jpg,1,0,0,0
1173,1_image_192.jpg,1,0,0,0
1175,0_image_194.jpg,0,1,0,0
1176,1_image_194.jpg,0,1,0,0
1177,2_image_194.jpg,0,1,0,0
1178,0_image_195.jpg,1,0,0,0
1183,2_image_196.jpg,1,0,0,0
1187,0_image_199.jpg,1,0,0,0
1191,1_image_201.jpg,1,0,0,0
1193,0_image_203.jpg,0,0,1,0
1194,1_image_203.jpg,0,0,1,0
1195,2_image_203.jpg,0,0,1,0
1197,1_image_204.jpg,1,0,0,0
1204,2_image_207.jpg,1,0,0,0
1208,0_image_211.jpg,0,1,0,0
1209,1_image_211.jpg,0,1,0,0
1210,2_image_211.jpg,0,1,0,0
1211,0_image_212.jpg,1,0,0,0
1217,0_image_216.jpg,1,0,0,0
1220,0_image_217.jpg,1,0,0,0
1221,1_image_217.jpg,1,0,0,0
1223,0_image_218.jpg,0,1,0,0
1224,1_image_218.jpg,0,1,0,0
1225,2_image_218.jpg,0,1,0,0
1228,2_image_219.jpg,1,0,0,0
1232,0_image_221.jpg,1,0,0,0
1233,1_image_221.jpg,1,0,0,0
1238,0_image_223.jpg,1,0,0,0
1240,2_image_223.jpg,1,0,0,0
1242,1_image_224.jpg,1,0,0,0
1244,0_image_225.jpg,0,1,0,0
1245,1_image_225.jpg,0,1,0,0
1246,2_image_225.jpg,0,1,0,0
1252,2_image_228.jpg,1,0,0,0
1255,2_image_232.jpg,1,0,0,0
1259,0_image_234.jpg,1,0,0,0
1260,1_image_234.jpg,1,0,0,0
1261,2_image_234.jpg,1,0,0,0
1264,2_image_236.jpg,1,0,0,0
1267,2_image_238.jpg,1,0,0,0
1268,0_image_240.jpg,1,0,0,0
1272,1_image_241.jpg,1,0,0,0
1278,1_image_243.jpg,1,0,0,0
1279,2_image_243.jpg,1,0,0,0
1290,1_image_247.jpg,1,0,0,0
1291,2_image_247.jpg,1,0,0,0
1292,0_image_248.jpg,0,0,0,1
1293,1_image_248.jpg,0,0,0,1
1294,2_image_248.jpg,0,0,0,1
1295,0_image_249.jpg,1,0,0,0
1313,0_image_255.jpg,0,1,0,0
1314,1_image_255.jpg,0,1,0,0
1315,2_image_255.jpg,0,1,0,0
1322,0_image_258.jpg,0,0,1,0
1323,1_image_258.jpg,0,0,1,0
1324,2_image_258.jpg,0,0,1,0
1328,0_image_260.jpg,1,0,0,0
1329,1_image_260.jpg,1,0,0,0
1334,0_image_262.jpg,0,1,0,0
1335,1_image_262.jpg,0,1,0,0
1336,2_image_262.jpg,0,1,0,0
1342,2_image_264.jpg,1,0,0,0
1348,2_image_268.jpg,1,0,0,0
1355,0_image_273.jpg,0,1,0,0
1356,1_image_273.jpg,0,1,0,0
1357,2_image_273.jpg,0,1,0,0
1358,0_image_274.jpg,0,0,0,1
1359,1_image_274.jpg,0,0,0,1
1360,2_image_274.jpg,0,0,0,1
1362,1_image_275.jpg,1,0,0,0
1363,2_image_275.jpg,1,0,0,0
1365,1_image_276.jpg,1,0,0,0
1367,0_image_277.jpg,0,1,0,0
1368,1_image_277.jpg,0,1,0,0
1369,2_image_277.jpg,0,1,0,0
1370,0_image_278.jpg,1,0,0,0
1371,1_image_278.jpg,1,0,0,0
1375,2_image_279.jpg,1,0,0,0
1376,0_image_283.jpg,0,1,0,0
1377,1_image_283.jpg,0,1,0,0
1378,2_image_283.jpg,0,1,0,0
1380,1_image_286.jpg,1,0,0,0
1385,0_image_290.jpg,1,0,0,0
1388,0_image_291.jpg,1,0,0,0
1395,1_image_296.jpg,1,0,0,0
1397,0_image_297.jpg,1,0,0,0
1399,2_image_297.jpg,1,0,0,0
1403,0_image_300.jpg,0,0,0,1
1404,1_image_300.jpg,0,0,0,1
1405,2_image_300.jpg,0,0,0,1
1408,2_image_301.jpg,1,0,0,0
1409,0_image_305.jpg,1,0,0,0
1411,2_image_305.jpg,1,0,0,0
1417,2_image_307.jpg,1,0,0,0
1419,1_image_308.jpg,1,0,0,0
1421,0_image_309.jpg,0,0,0,1
1422,1_image_309.jpg,0,0,0,1
1423,2_image_309.jpg,0,0,0,1
1424,0_image_310.jpg,0,1,0,0
1425,1_image_310.jpg,0,1,0,0
1426,2_image_310.jpg,0,1,0,0
1427,0_image_316.jpg,1,0,0,0
1429,2_image_316.jpg,1,0,0,0
1433,0_image_321.jpg,0,0,0,1
1434,1_image_321.jpg,0,0,0,1
1435,2_image_321.jpg,0,0,0,1
1436,0_image_326.jpg,0,0,0,1
1437,1_image_326.jpg,0,0,0,1
1438,2_image_326.jpg,0,0,0,1
1442,0_image_331.jpg,0,0,0,1
1443,1_image_331.jpg,0,0,0,1
1444,2_image_331.jpg,0,0,0,1
1446,1_image_332.jpg,1,0,0,0
1450,2_image_333.jpg,1,0,0,0
1452,1_image_334.jpg,1,0,0,0
1454,0_image_335.jpg,1,0,0,0
1456,2_image_335.jpg,1,0,0,0
1457,0_image_336.jpg,1,0,0,0
1460,0_image_337.jpg,0,0,0,1
1461,1_image_337.jpg,0,0,0,1
1462,2_image_337.jpg,0,0,0,1
1463,0_image_338.jpg,0,0,0,1
1464,1_image_338.jpg,0,0,0,1
1465,2_image_338.jpg,0,0,0,1
1466,0_image_339.jpg,0,1,0,0
1467,1_image_339.jpg,0,1,0,0
1468,2_image_339.jpg,0,1,0,0
1471,2_image_340.jpg,1,0,0,0
1472,0_image_341.jpg,1,0,0,0
1473,1_image_341.jpg,1,0,0,0
1477,2_image_342.jpg,1,0,0,0
1478,0_image_343.jpg,1,0,0,0
1482,1_image_344.jpg,1,0,0,0
1483,2_image_344.jpg,1,0,0,0
1487,0_image_346.jpg,1,0,0,0
1490,0_image_347.jpg,1,0,0,0
1497,1_image_349.jpg,1,0,0,0
1498,2_image_349.jpg,1,0,0,0
1501,2_image_350.jpg,1,0,0,0
1506,1_image_352.jpg,1,0,0,0
1507,2_image_352.jpg,1,0,0,0
1508,0_image_353.jpg,1,0,0,0
1513,2_image_354.jpg,1,0,0,0
1517,0_image_356.jpg,0,0,0,1
1518,1_image_356.jpg,0,0,0,1
1519,2_image_356.jpg,0,0,0,1
1520,0_image_357.jpg,0,0,1,0
1521,1_image_357.jpg,0,0,1,0
1522,2_image_357.jpg,0,0,1,0
1528,2_image_359.jpg,1,0,0,0
1529,0_image_360.jpg,0,0,0,1
1530,1_image_360.jpg,0,0,0,1
1531,2_image_360.jpg,0,0,0,1
1538,0_image_363.jpg,1,0,0,0
1539,1_image_363.jpg,1,0,0,0
1544,0_image_365.jpg,0,1,0,0
1545,1_image_365.jpg,0,1,0,0
1546,2_image_365.jpg,0,1,0,0
1547,0_image_370.jpg,0,1,0,0
1548,1_image_370.jpg,0,1,0,0
1549,2_image_370.jpg,0,1,0,0
1550,0_image_371.jpg,0,0,0,1
1551,1_image_371.jpg,0,0,0,1
1552,2_image_371.jpg,0,0,0,1
1556,0_image_385.jpg,1,0,0,0
1559,0_image_391.jpg,0,1,0,0
1560,1_image_391.jpg,0,1,0,0
1561,2_image_391.jpg,0,1,0,0
1562,0_image_392.jpg,0,0,0,1
1563,1_image_392.jpg,0,0,0,1
1564,2_image_392.jpg,0,0,0,1
1565,0_image_401.jpg,0,0,0,1
1566,1_image_401.jpg,0,0,0,1
1567,2_image_401.jpg,0,0,0,1
1571,0_image_404.jpg,0,0,0,1
1572,1_image_404.jpg,0,0,0,1
1573,2_image_404.jpg,0,0,0,1
1574,0_image_405.jpg,1,0,0,0
1576,2_image_405.jpg,1,0,0,0
1577,0_image_406.jpg,1,0,0,0
1580,0_image_407.jpg,1,0,0,0
1581,1_image_407.jpg,1,0,0,0
1586,0_image_409.jpg,0,0,0,1
1587,1_image_409.jpg,0,0,0,1
1588,2_image_409.jpg,0,0,0,1
1589,0_image_410.jpg,0,1,0,0
1590,1_image_410.jpg,0,1,0,0
1591,2_image_410.jpg,0,1,0,0
1593,1_image_411.jpg,1,0,0,0
1595,0_image_412.jpg,1,0,0,0
1601,0_image_414.jpg,1,0,0,0
1602,1_image_414.jpg,1,0,0,0
1604,0_image_415.jpg,1,0,0,0
1607,0_image_416.jpg,1,0,0,0
1611,1_image_417.jpg,1,0,0,0
1614,1_image_418.jpg,1,0,0,0
1618,2_image_419.jpg,1,0,0,0
1620,1_image_420.jpg,1,0,0,0
1621,2_image_420.jpg,1,0,0,0
1635,1_image_425.jpg,1,0,0,0
1637,0_image_426.jpg,0,0,1,0
1638,1_image_426.jpg,0,0,1,0
1639,2_image_426.jpg,0,0,1,0
1642,2_image_427.jpg,1,0,0,0
1643,0_image_428.jpg,1,0,0,0
1646,0_image_429.jpg,0,1,0,0
1647,1_image_429.jpg,0,1,0,0
1648,2_image_429.jpg,0,1,0,0
1656,1_image_432.jpg,1,0,0,0
1658,0_image_433.jpg,1,0,0,0
1660,2_image_433.jpg,1,0,0,0
1661,0_image_435.jpg,1,0,0,0
1662,1_image_435.jpg,1,0,0,0
1663,2_image_435.jpg,1,0,0,0
1664,0_image_441.jpg,0,0,1,0
1665,1_image_441.jpg,0,0,1,0
1666,2_image_441.jpg,0,0,1,0
1668,1_image_442.jpg,1,0,0,0
1669,2_image_442.jpg,1,0,0,0
1672,2_image_443.jpg,1,0,0,0
1679,0_image_448.jpg,0,0,0,1
1680,1_image_448.jpg,0,0,0,1
1681,2_image_448.jpg,0,0,0,1
1684,2_image_453.jpg,1,0,0,0
1687,2_image_454.jpg,1,0,0,0
1690,2_image_463.jpg,1,0,0,0
1691,0_image_470.jpg,0,1,0,0
1692,1_image_470.jpg,0,1,0,0
1693,2_image_470.jpg,0,1,0,0
1698,1_image_473.jpg,1,0,0,0
1700,0_image_474.jpg,0,0,0,1
1701,1_image_474.jpg,0,0,0,1
1702,2_image_474.jpg,0,0,0,1
1709,0_image_479.jpg,0,0,1,0
1710,1_image_479.jpg,0,0,1,0
1711,2_image_479.jpg,0,0,1,0
1713,1_image_482.jpg,1,0,0,0
1714,2_image_482.jpg,1,0,0,0
1716,1_image_485.jpg,1,0,0,0
1721,0_image_494.jpg,1,0,0,0
1727,0_image_497.jpg,0,1,0,0
1728,1_image_497.jpg,0,1,0,0
1729,2_image_497.jpg,0,1,0,0
1730,0_image_501.jpg,0,1,0,0
1731,1_image_501.jpg,0,1,0,0
1732,2_image_501.jpg,0,1,0,0
1737,1_image_505.jpg,1,0,0,0
1738,2_image_505.jpg,1,0,0,0
1739,0_image_506.jpg,0,0,0,1
1740,1_image_506.jpg,0,0,0,1
1741,2_image_506.jpg,0,0,0,1
1742,0_image_507.jpg,1,0,0,0
1745,0_image_509.jpg,0,1,0,0
1746,1_image_509.jpg,0,1,0,0
1747,2_image_509.jpg,0,1,0,0
1748,0_image_510.jpg,0,0,0,1
1749,1_image_510.jpg,0,0,0,1
1750,2_image_510.jpg,0,0,0,1
1751,0_image_512.jpg,1,0,0,0
1757,0_image_515.jpg,0,1,0,0
1758,1_image_515.jpg,0,1,0,0
1759,2_image_515.jpg,0,1,0,0
1765,2_image_519.jpg,1,0,0,0
1766,0_image_520.jpg,0,0,0,1
1767,1_image_520.jpg,0,0,0,1
1768,2_image_520.jpg,0,0,0,1
1769,0_image_522.jpg,1,0,0,0
1770,1_image_522.jpg,1,0,0,0
1780,2_image_530.jpg,1,0,0,0
1781,0_image_531.jpg,1,0,0,0
1782,1_image_531.jpg,1,0,0,0
1787,0_image_539.jpg,1,0,0,0
1788,1_image_539.jpg,1,0,0,0
1794,1_image_542.jpg,1,0,0,0
1796,0_image_547.jpg,0,0,1,0
1797,1_image_547.jpg,0,0,1,0
1798,2_image_547.jpg,0,0,1,0
1799,0_image_549.jpg,0,0,0,1
1800,1_image_549.jpg,0,0,0,1
1801,2_image_549.jpg,0,0,0,1
1805,0_image_553.jpg,1,0,0,0
1808,0_image_554.jpg,0,0,0,1
1809,1_image_554.jpg,0,0,0,1
1810,2_image_554.jpg,0,0,0,1
1812,1_image_557.jpg,1,0,0,0
1814,0_image_558.jpg,1,0,0,0
1818,1_image_559.jpg,1,0,0,0
1822,2_image_561.jpg,1,0,0,0
1823,0_image_562.jpg,0,1,0,0
1824,1_image_562.jpg,0,1,0,0
1825,2_image_562.jpg,0,1,0,0
1828,2_image_565.jpg,1,0,0,0
1829,0_image_567.jpg,1,0,0,0
1832,0_image_571.jpg,0,1,0,0
1833,1_image_571.jpg,0,1,0,0
1834,2_image_571.jpg,0,1,0,0
1838,0_image_574.jpg,1,0,0,0
1839,1_image_574.jpg,1,0,0,0
1841,0_image_575.jpg,0,0,0,1
1842,1_image_575.jpg,0,0,0,1
1843,2_image_575.jpg,0,0,0,1
1850,0_image_581.jpg,0,1,0,0
1851,1_image_581.jpg,0,1,0,0
1852,2_image_581.jpg,0,1,0,0
1853,0_image_585.jpg,1,0,0,0
1856,0_image_588.jpg,1,0,0,0
1859,0_image_590.jpg,1,0,0,0
1860,1_image_590.jpg,1,0,0,0
1861,2_image_590.jpg,1,0,0,0
1862,0_image_591.jpg,1,0,0,0
1863,1_image_591.jpg,1,0,0,0
1867,2_image_592.jpg,1,0,0,0
1870,2_image_595.jpg,1,0,0,0
1871,0_image_597.jpg,1,0,0,0
1879,2_image_603.jpg,1,0,0,0
1880,0_image_604.jpg,0,1,0,0
1881,1_image_604.jpg,0,1,0,0
1882,2_image_604.jpg,0,1,0,0
1886,0_image_606.jpg,1,0,0,0
1891,2_image_609.jpg,1,0,0,0
1892,0_image_611.jpg,0,0,1,0
1893,1_image_611.jpg,0,0,1,0
1894,2_image_611.jpg,0,0,1,0
1897,2_image_612.jpg,1,0,0,0
1898,0_image_616.jpg,1,0,0,0
1899,1_image_616.jpg,1,0,0,0
1902,1_image_618.jpg,1,0,0,0
1904,0_image_619.jpg,0,0,0,1
1905,1_image_619.jpg,0,0,0,1
1906,2_image_619.jpg,0,0,0,1
1907,0_image_620.jpg,1,0,0,0
1910,0_image_625.jpg,0,1,0,0
1911,1_image_625.jpg,0,1,0,0
1912,2_image_625.jpg,0,1,0,0
1913,0_image_627.jpg,1,0,0,0
1917,1_image_630.jpg,1,0,0,0
1924,2_image_633.jpg,1,0,0,0
1929,1_image_641.jpg,1,0,0,0
1931,0_image_645.jpg,0,0,1,0
1932,1_image_645.jpg,0,0,1,0
1933,2_image_645.jpg,0,0,1,0
1934,0_image_649.jpg,1,0,0,0
1941,1_image_651.jpg,1,0,0,0
1947,1_image_658.jpg,1,0,0,0
1948,2_image_658.jpg,1,0,0,0
1953,1_image_660.jpg,1,0,0,0
1955,0_image_661.jpg,0,1,0,0
1956,1_image_661.jpg,0,1,0,0
1957,2_image_661.jpg,0,1,0,0
1958,0_image_662.jpg,0,0,1,0
1959,1_image_662.jpg,0,0,1,0
1960,2_image_662.jpg,0,0,1,0
1966,2_image_669.jpg,1,0,0,0
1968,1_image_670.jpg,1,0,0,0
1970,0_image_673.jpg,0,1,0,0
1971,1_image_673.jpg,0,1,0,0
1972,2_image_673.jpg,0,1,0,0
1973,0_image_677.jpg,1,0,0,0
1986,1_image_686.jpg,1,0,0,0
1994,0_image_697.jpg,1,0,0,0
1996,2_image_697.jpg,1,0,0,0
2001,1_image_700.jpg,1,0,0,0
2012,0_image_706.jpg,1,0,0,0
2013,1_image_706.jpg,1,0,0,0
2015,0_image_707.jpg,0,0,0,1
2016,1_image_707.jpg,0,0,0,1
2017,2_image_707.jpg,0,0,0,1
2019,1_image_708.jpg,1,0,0,0
2020,2_image_708.jpg,1,0,0,0
2021,0_image_709.jpg,1,0,0,0
2024,0_image_715.jpg,0,0,0,1
2025,1_image_715.jpg,0,0,0,1
2026,2_image_715.jpg,0,0,0,1
2027,0_image_722.jpg,0,0,0,1
2028,1_image_722.jpg,0,0,0,1
2029,2_image_722.jpg,0,0,0,1
2034,1_image_725.jpg,1,0,0,0
2037,1_image_726.jpg,1,0,0,0
2041,2_image_733.jpg,1,0,0,0
2042,0_image_736.jpg,0,1,0,0
2043,1_image_736.jpg,0,1,0,0
2044,2_image_736.jpg,0,1,0,0
2045,0_image_744.jpg,1,0,0,0
2046,1_image_744.jpg,1,0,0,0
2053,2_image_755.jpg,1,0,0,0
2054,0_image_757.jpg,0,1,0,0
2055,1_image_757.jpg,0,1,0,0
2056,2_image_757.jpg,0,1,0,0
2060,0_image_766.jpg,0,0,0,1
2061,1_image_766.jpg,0,0,0,1
2062,2_image_766.jpg,0,0,0,1
2063,0_image_770.jpg,1,0,0,0
2068,2_image_772.jpg,1,0,0,0
2069,0_image_773.jpg,1,0,0,0
2075,0_image_775.jpg,1,0,0,0
2076,1_image_775.jpg,1,0,0,0
2082,1_image_782.jpg,1,0,0,0
2083,2_image_782.jpg,1,0,0,0
2087,0_image_788.jpg,1,0,0,0
2090,0_image_794.jpg,1,0,0,0
2094,1_image_796.jpg,1,0,0,0
2096,0_image_797.jpg,1,0,0,0
2102,0_image_800.jpg,0,0,0,1
2103,1_image_800.jpg,0,0,0,1
2104,2_image_800.jpg,0,0,0,1
2109,1_image_802.jpg,1,0,0,0
2112,1_image_806.jpg,1,0,0,0
2114,0_image_810.jpg,1,0,0,0
2117,0_image_811.jpg,1,0,0,0
2118,1_image_811.jpg,1,0,0,0
2120,0_image_813.jpg,0,0,0,1
2121,1_image_813.jpg,0,0,0,1
2122,2_image_813.jpg,0,0,0,1
2127,1_image_818.jpg,1,0,0,0
2128,2_image_818.jpg,1,0,0,0
2129,0_image_819.jpg,0,0,1,0
2130,1_image_819.jpg,0,0,1,0
2131,2_image_819.jpg,0,0,1,0
2133,1_image_821.jpg,1,0,0,0
2136,1_image_822.jpg,1,0,0,0
2144,0_image_827.jpg,0,0,1,0
2145,1_image_827.jpg,0,0,1,0
2146,2_image_827.jpg,0,0,1,0
2150,0_image_830.jpg,1,0,0,0
2152,2_image_830.jpg,1,0,0,0
2155,2_image_832.jpg,1,0,0,0
2156,0_image_834.jpg,1,0,0,0
2159,0_image_835.jpg,0,1,0,0
2160,1_image_835.jpg,0,1,0,0
2161,2_image_835.jpg,0,1,0,0
2165,0_image_837.jpg,1,0,0,0
2168,0_image_841.jpg,1,0,0,0
2174,0_image_843.jpg,1,0,0,0
2178,1_image_845.jpg,1,0,0,0
2179,2_image_845.jpg,1,0,0,0
2180,0_image_846.jpg,0,1,0,0
2181,1_image_846.jpg,0,1,0,0
2182,2_image_846.jpg,0,1,0,0
2183,0_image_847.jpg,0,0,1,0
2184,1_image_847.jpg,0,0,1,0
2185,2_image_847.jpg,0,0,1,0
2186,0_image_848.jpg,1,0,0,0
2193,1_image_851.jpg,1,0,0,0
2195,0_image_853.jpg,1,0,0,0
2196,1_image_853.jpg,1,0,0,0
2197,2_image_853.jpg,1,0,0,0
2198,0_image_855.jpg,0,1,0,0
2199,1_image_855.jpg,0,1,0,0
2200,2_image_855.jpg,0,1,0,0
2206,2_image_857.jpg,1,0,0,0
2216,0_image_863.jpg,1,0,0,0
2217,1_image_863.jpg,1,0,0,0
2219,0_image_865.jpg,1,0,0,0
2221,2_image_865.jpg,1,0,0,0
2222,0_image_867.jpg,1,0,0,0
2229,1_image_870.jpg,1,0,0,0
2233,2_image_871.jpg,1,0,0,0
2235,1_image_872.jpg,1,0,0,0
2241,1_image_875.jpg,1,0,0,0
2243,0_image_877.jpg,1,0,0,0
2244,1_image_877.jpg,1,0,0,0
2248,2_image_878.jpg,1,0,0,0
2253,1_image_880.jpg,1,0,0,0
2254,2_image_880.jpg,1,0,0,0
2258,0_image_884.jpg,1,0,0,0
2259,1_image_884.jpg,1,0,0,0
2263,2_image_886.jpg,1,0,0,0
2264,0_image_906.jpg,0,0,1,0
2265,1_image_906.jpg,0,0,1,0
2266,2_image_906.jpg,0,0,1,0
2267,0_image_920.jpg,0,0,1,0
2268,1_image_920.jpg,0,0,1,0
2269,2_image_920.jpg,0,0,1,0
2270,0_image_929.jpg,0,0,0,1
2271,1_image_929.jpg,0,0,0,1
2272,2_image_929.jpg,0,0,0,1
2273,0_image_942.jpg,0,0,1,0
2274,1_image_942.jpg,0,0,1,0
2275,2_image_942.jpg,0,0,1,0
2276,0_image_947.jpg,0,0,0,1
2277,1_image_947.jpg,0,0,0,1
2278,2_image_947.jpg,0,0,0,1
2279,0_image_952.jpg,0,1,0,0
2280,1_image_952.jpg,0,1,0,0
2281,2_image_952.jpg,0,1,0,0
2282,0_image_968.jpg,0,1,0,0
2283,1_image_968.jpg,0,1,0,0
2284,2_image_968.jpg,0,1,0,0
2285,0_image_971.jpg,0,0,1,0
2286,1_image_971.jpg,0,0,1,0
2287,2_image_971.jpg,0,0,1,0
2288,0_image_977.jpg,0,0,1,0
2289,1_image_977.jpg,0,0,1,0
2290,2_image_977.jpg,0,0,1,0
2291,0_image_978.jpg,0,1,0,0
2292,1_image_978.jpg,0,1,0,0
2293,2_image_978.jpg,0,1,0,0
2294,0_image_986.jpg,0,0,0,1
2295,1_image_986.jpg,0,0,0,1
2296,2_image_986.jpg,0,0,0,1
2297,0_image_988.jpg,0,1,0,0
2298,1_image_988.jpg,0,1,0,0
2299,2_image_988.jpg,0,1,0,0
2300,0_image_1006.jpg,0,0,1,0
2301,1_image_1006.jpg,0,0,1,0
2302,2_image_1006.jpg,0,0,1,0
2303,0_image_1007.jpg,0,1,0,0
2304,1_image_1007.jpg,0,1,0,0
2305,2_image_1007.jpg,0,1,0,0
2306,0_image_1010.jpg,0,0,0,1
2307,1_image_1010.jpg,0,0,0,1
2308,2_image_1010.jpg,0,0,0,1
2309,0_image_1012.jpg,0,0,1,0
2310,1_image_1012.jpg,0,0,1,0
2311,2_image_1012.jpg,0,0,1,0
2312,0_image_1015.jpg,0,0,0,1
2313,1_image_1015.jpg,0,0,0,1
2314,2_image_1015.jpg,0,0,0,1
2315,0_image_1016.jpg,0,0,1,0
2316,1_image_1016.jpg,0,0,1,0
2317,2_image_1016.jpg,0,0,1,0
2318,0_image_1017.jpg,0,1,0,0
2319,1_image_1017.jpg,0,1,0,0
2320,2_image_1017.jpg,0,1,0,0
2321,0_image_1021.jpg,0,0,0,1
2322,1_image_1021.jpg,0,0,0,1
2323,2_image_1021.jpg,0,0,0,1
2324,0_image_1022.jpg,0,0,1,0
2325,1_image_1022.jpg,0,0,1,0
2326,2_image_1022.jpg,0,0,1,0
2327,0_image_1029.jpg,0,0,1,0
2328,1_image_1029.jpg,0,0,1,0
2329,2_image_1029.jpg,0,0,1,0
2330,0_image_1031.jpg,0,0,0,1
2331,1_image_1031.jpg,0,0,0,1
2332,2_image_1031.jpg,0,0,0,1
2333,0_image_1033.jpg,0,0,1,0
2334,1_image_1033.jpg,0,0,1,0
2335,2_image_1033.jpg,0,0,1,0
2336,0_image_1042.jpg,0,0,1,0
2337,1_image_1042.jpg,0,0,1,0
2338,2_image_1042.jpg,0,0,1,0
2339,0_image_1046.jpg,0,1,0,0
2340,1_image_1046.jpg,0,1,0,0
2341,2_image_1046.jpg,0,1,0,0
2342,0_image_1050.jpg,0,0,1,0
2343,1_image_1050.jpg,0,0,1,0
2344,2_image_1050.jpg,0,0,1,0
2345,0_image_1051.jpg,0,1,0,0
2346,1_image_1051.jpg,0,1,0,0
2347,2_image_1051.jpg,0,1,0,0
2348,0_image_1054.jpg,0,1,0,0
2349,1_image_1054.jpg,0,1,0,0
2350,2_image_1054.jpg,0,1,0,0
2351,0_image_1059.jpg,0,1,0,0
2352,1_image_1059.jpg,0,1,0,0
2353,2_image_1059.jpg,0,1,0,0
2354,0_image_1061.jpg,0,1,0,0
2355,1_image_1061.jpg,0,1,0,0
2356,2_image_1061.jpg,0,1,0,0
2357,0_image_1064.jpg,0,1,0,0
2358,1_image_1064.jpg,0,1,0,0
2359,2_image_1064.jpg,0,1,0,0
2360,0_image_1077.jpg,0,0,0,1
2361,1_image_1077.jpg,0,0,0,1
2362,2_image_1077.jpg,0,0,0,1
2363,0_image_1084.jpg,0,1,0,0
2364,1_image_1084.jpg,0,1,0,0
2365,2_image_1084.jpg,0,1,0,0
2366,0_image_1111.jpg,0,1,0,0
2367,1_image_1111.jpg,0,1,0,0
2368,2_image_1111.jpg,0,1,0,0
2369,0_image_1126.jpg,0,1,0,0
2370,1_image_1126.jpg,0,1,0,0
2371,2_image_1126.jpg,0,1,0,0
2372,0_image_1128.jpg,0,1,0,0
2373,1_image_1128.jpg,0,1,0,0
2374,2_image_1128.jpg,0,1,0,0
2375,0_image_1129.jpg,0,0,0,1
2376,1_image_1129.jpg,0,0,0,1
2377,2_image_1129.jpg,0,0,0,1
2378,0_image_1131.jpg,0,0,0,1
2379,1_image_1131.jpg,0,0,0,1
2380,2_image_1131.jpg,0,0,0,1
2381,0_image_1132.jpg,0,0,1,0
2382,1_image_1132.jpg,0,0,1,0
2383,2_image_1132.jpg,0,0,1,0
2384,0_image_1135.jpg,0,1,0,0
2385,1_image_1135.jpg,0,1,0,0
2386,2_image_1135.jpg,0,1,0,0
2387,0_image_1138.jpg,0,0,0,1
2388,1_image_1138.jpg,0,0,0,1
2389,2_image_1138.jpg,0,0,0,1
2390,0_image_1139.jpg,0,1,0,0
2391,1_image_1139.jpg,0,1,0,0
2392,2_image_1139.jpg,0,1,0,0
2393,0_image_1142.jpg,0,0,0,1
2394,1_image_1142.jpg,0,0,0,1
2395,2_image_1142.jpg,0,0,0,1
2396,0_image_1143.jpg,0,0,1,0
2397,1_image_1143.jpg,0,0,1,0
2398,2_image_1143.jpg,0,0,1,0
2399,0_image_1145.jpg,0,0,0,1
2400,1_image_1145.jpg,0,0,0,1
2401,2_image_1145.jpg,0,0,0,1
2402,0_image_1147.jpg,0,1,0,0
2403,1_image_1147.jpg,0,1,0,0
2404,2_image_1147.jpg,0,1,0,0
2405,0_image_1150.jpg,0,0,0,1
2406,1_image_1150.jpg,0,0,0,1
2407,2_image_1150.jpg,0,0,0,1
2408,0_image_1152.jpg,0,1,0,0
2409,1_image_1152.jpg,0,1,0,0
2410,2_image_1152.jpg,0,1,0,0
2411,0_image_1154.jpg,0,0,1,0
2412,1_image_1154.jpg,0,0,1,0
2413,2_image_1154.jpg,0,0,1,0
2414,0_image_1155.jpg,0,0,0,1
2415,1_image_1155.jpg,0,0,0,1
2416,2_image_1155.jpg,0,0,0,1
2417,0_image_1158.jpg,0,1,0,0
2418,1_image_1158.jpg,0,1,0,0
2419,2_image_1158.jpg,0,1,0,0
2420,0_image_1161.jpg,0,1,0,0
2421,1_image_1161.jpg,0,1,0,0
2422,2_image_1161.jpg,0,1,0,0
2423,0_image_1164.jpg,0,0,0,1
2424,1_image_1164.jpg,0,0,0,1
2425,2_image_1164.jpg,0,0,0,1
2426,0_image_1166.jpg,0,0,0,1
2427,1_image_1166.jpg,0,0,0,1
2428,2_image_1166.jpg,0,0,0,1
2429,0_image_1168.jpg,0,0,1,0
2430,1_image_1168.jpg,0,0,1,0
2431,2_image_1168.jpg,0,0,1,0
2432,0_image_1169.jpg,0,0,0,1
2433,1_image_1169.jpg,0,0,0,1
2434,2_image_1169.jpg,0,0,0,1
2435,0_image_1170.jpg,0,1,0,0
2436,1_image_1170.jpg,0,1,0,0
2437,2_image_1170.jpg,0,1,0,0
2438,0_image_1173.jpg,0,0,0,1
2439,1_image_1173.jpg,0,0,0,1
2440,2_image_1173.jpg,0,0,0,1
2441,0_image_1175.jpg,0,0,0,1
2442,1_image_1175.jpg,0,0,0,1
2443,2_image_1175.jpg,0,0,0,1
2444,0_image_1176.jpg,0,1,0,0
2445,1_image_1176.jpg,0,1,0,0
2446,2_image_1176.jpg,0,1,0,0
2447,0_image_1179.jpg,0,1,0,0
2448,1_image_1179.jpg,0,1,0,0
2449,2_image_1179.jpg,0,1,0,0
2450,0_image_1181.jpg,0,1,0,0
2451,1_image_1181.jpg,0,1,0,0
2452,2_image_1181.jpg,0,1,0,0
2453,0_image_1183.jpg,0,1,0,0
2454,1_image_1183.jpg,0,1,0,0
2455,2_image_1183.jpg,0,1,0,0
2456,0_image_1185.jpg,0,1,0,0
2457,1_image_1185.jpg,0,1,0,0
2458,2_image_1185.jpg,0,1,0,0
2459,0_image_1191.jpg,0,1,0,0
2460,1_image_1191.jpg,0,1,0,0
2461,2_image_1191.jpg,0,1,0,0
2462,0_image_1193.jpg,0,1,0,0
2463,1_image_1193.jpg,0,1,0,0
2464,2_image_1193.jpg,0,1,0,0
2465,0_image_1194.jpg,0,0,0,1
2466,1_image_1194.jpg,0,0,0,1
2467,2_image_1194.jpg,0,0,0,1
2468,0_image_1196.jpg,0,0,0,1
2469,1_image_1196.jpg,0,0,0,1
2470,2_image_1196.jpg,0,0,0,1
2471,0_image_1199.jpg,0,0,0,1
2472,1_image_1199.jpg,0,0,0,1
2473,2_image_1199.jpg,0,0,0,1
2474,0_image_1200.jpg,0,1,0,0
2475,1_image_1200.jpg,0,1,0,0
2476,2_image_1200.jpg,0,1,0,0
2477,0_image_1203.jpg,0,1,0,0
2478,1_image_1203.jpg,0,1,0,0
2479,2_image_1203.jpg,0,1,0,0
2480,0_image_1204.jpg,0,0,0,1
2481,1_image_1204.jpg,0,0,0,1
2482,2_image_1204.jpg,0,0,0,1
2483,0_image_1207.jpg,0,0,0,1
2484,1_image_1207.jpg,0,0,0,1
2485,2_image_1207.jpg,0,0,0,1
2486,0_image_1208.jpg,0,1,0,0
2487,1_image_1208.jpg,0,1,0,0
2488,2_image_1208.jpg,0,1,0,0
2489,0_image_1213.jpg,0,0,0,1
2490,1_image_1213.jpg,0,0,0,1
2491,2_image_1213.jpg,0,0,0,1
2492,0_image_1215.jpg,0,1,0,0
2493,1_image_1215.jpg,0,1,0,0
2494,2_image_1215.jpg,0,1,0,0
2495,0_image_1217.jpg,0,0,0,1
2496,1_image_1217.jpg,0,0,0,1
2497,2_image_1217.jpg,0,0,0,1
2498,0_image_1220.jpg,0,0,0,1
2499,1_image_1220.jpg,0,0,0,1
2500,2_image_1220.jpg,0,0,0,1
2501,0_image_1224.jpg,0,1,0,0
2502,1_image_1224.jpg,0,1,0,0
2503,2_image_1224.jpg,0,1,0,0
2504,0_image_1225.jpg,0,0,1,0
2505,1_image_1225.jpg,0,0,1,0
2506,2_image_1225.jpg,0,0,1,0
2507,0_image_1229.jpg,0,0,0,1
2508,1_image_1229.jpg,0,0,0,1
2509,2_image_1229.jpg,0,0,0,1
2510,0_image_1232.jpg,0,1,0,0
2511,1_image_1232.jpg,0,1,0,0
2512,2_image_1232.jpg,0,1,0,0
2513,0_image_1234.jpg,0,0,0,1
2514,1_image_1234.jpg,0,0,0,1
2515,2_image_1234.jpg,0,0,0,1
2516,0_image_1236.jpg,0,1,0,0
2517,1_image_1236.jpg,0,1,0,0
2518,2_image_1236.jpg,0,1,0,0
2519,0_image_1238.jpg,0,0,0,1
2520,1_image_1238.jpg,0,0,0,1
2521,2_image_1238.jpg,0,0,0,1
2522,0_image_1242.jpg,0,1,0,0
2523,1_image_1242.jpg,0,1,0,0
2524,2_image_1242.jpg,0,1,0,0
2525,0_image_1244.jpg,0,0,0,1
2526,1_image_1244.jpg,0,0,0,1
2527,2_image_1244.jpg,0,0,0,1
2528,0_image_1247.jpg,0,1,0,0
2529,1_image_1247.jpg,0,1,0,0
2530,2_image_1247.jpg,0,1,0,0
2531,0_image_1251.jpg,0,0,1,0
2532,1_image_1251.jpg,0,0,1,0
2533,2_image_1251.jpg,0,0,1,0
2534,0_image_1252.jpg,0,1,0,0
2535,1_image_1252.jpg,0,1,0,0
2536,2_image_1252.jpg,0,1,0,0
2537,0_image_1253.jpg,0,0,0,1
2538,1_image_1253.jpg,0,0,0,1
2539,2_image_1253.jpg,0,0,0,1
2540,0_image_1257.jpg,0,0,1,0
2541,1_image_1257.jpg,0,0,1,0
2542,2_image_1257.jpg,0,0,1,0
2543,0_image_1259.jpg,0,0,0,1
2544,1_image_1259.jpg,0,0,0,1
2545,2_image_1259.jpg,0,0,0,1
2546,0_image_1261.jpg,0,0,0,1
2547,1_image_1261.jpg,0,0,0,1
2548,2_image_1261.jpg,0,0,0,1
2549,0_image_1262.jpg,0,1,0,0
2550,1_image_1262.jpg,0,1,0,0
2551,2_image_1262.jpg,0,1,0,0
2552,0_image_1264.jpg,0,0,0,1
2553,1_image_1264.jpg,0,0,0,1
2554,2_image_1264.jpg,0,0,0,1
2555,0_image_1267.jpg,0,0,1,0
2556,1_image_1267.jpg,0,0,1,0
2557,2_image_1267.jpg,0,0,1,0
2558,0_image_1270.jpg,0,0,0,1
2559,1_image_1270.jpg,0,0,0,1
2560,2_image_1270.jpg,0,0,0,1
2561,0_image_1272.jpg,0,1,0,0
2562,1_image_1272.jpg,0,1,0,0
2563,2_image_1272.jpg,0,1,0,0
2564,0_image_1278.jpg,0,0,0,1
2565,1_image_1278.jpg,0,0,0,1
2566,2_image_1278.jpg,0,0,0,1
2567,0_image_1280.jpg,0,0,0,1
2568,1_image_1280.jpg,0,0,0,1
2569,2_image_1280.jpg,0,0,0,1
2570,0_image_1285.jpg,0,0,0,1
2571,1_image_1285.jpg,0,0,0,1
2572,2_image_1285.jpg,0,0,0,1
2573,0_image_1286.jpg,0,0,1,0
2574,1_image_1286.jpg,0,0,1,0
2575,2_image_1286.jpg,0,0,1,0
2576,0_image_1288.jpg,0,0,0,1
2577,1_image_1288.jpg,0,0,0,1
2578,2_image_1288.jpg,0,0,0,1
2579,0_image_1290.jpg,0,0,0,1
2580,1_image_1290.jpg,0,0,0,1
2581,2_image_1290.jpg,0,0,0,1
2582,0_image_1293.jpg,0,0,0,1
2583,1_image_1293.jpg,0,0,0,1
2584,2_image_1293.jpg,0,0,0,1
2585,0_image_1295.jpg,0,0,0,1
2586,1_image_1295.jpg,0,0,0,1
2587,2_image_1295.jpg,0,0,0,1
2588,0_image_1298.jpg,0,1,0,0
2589,1_image_1298.jpg,0,1,0,0
2590,2_image_1298.jpg,0,1,0,0
2591,0_image_1300.jpg,0,0,0,1
2592,1_image_1300.jpg,0,0,0,1
2593,2_image_1300.jpg,0,0,0,1
2594,0_image_1302.jpg,0,1,0,0
2595,1_image_1302.jpg,0,1,0,0
2596,2_image_1302.jpg,0,1,0,0
2597,0_image_1342.jpg,0,1,0,0
2598,1_image_1342.jpg,0,1,0,0
2599,2_image_1342.jpg,0,1,0,0
2600,0_image_1366.jpg,0,0,0,1
2601,1_image_1366.jpg,0,0,0,1
2602,2_image_1366.jpg,0,0,0,1
2603,0_image_1368.jpg,0,0,0,1
2604,1_image_1368.jpg,0,0,0,1
2605,2_image_1368.jpg,0,0,0,1
2606,0_image_1370.jpg,0,0,1,0
2607,1_image_1370.jpg,0,0,1,0
2608,2_image_1370.jpg,0,0,1,0
2609,0_image_1372.jpg,0,0,0,1
2610,1_image_1372.jpg,0,0,0,1
2611,2_image_1372.jpg,0,0,0,1
2612,0_image_1375.jpg,0,0,0,1
2613,1_image_1375.jpg,0,0,0,1
2614,2_image_1375.jpg,0,0,0,1
2615,0_image_1376.jpg,0,1,0,0
2616,1_image_1376.jpg,0,1,0,0
2617,2_image_1376.jpg,0,1,0,0
2618,0_image_1379.jpg,0,1,0,0
2619,1_image_1379.jpg,0,1,0,0
2620,2_image_1379.jpg,0,1,0,0
2621,0_image_1380.jpg,0,0,0,1
2622,1_image_1380.jpg,0,0,0,1
2623,2_image_1380.jpg,0,0,0,1
2624,0_image_1382.jpg,0,0,1,0
2625,1_image_1382.jpg,0,0,1,0
2626,2_image_1382.jpg,0,0,1,0
2627,0_image_1383.jpg,0,0,0,1
2628,1_image_1383.jpg,0,0,0,1
2629,2_image_1383.jpg,0,0,0,1
2630,0_image_1391.jpg,0,1,0,0
2631,1_image_1391.jpg,0,1,0,0
2632,2_image_1391.jpg,0,1,0,0
2633,0_image_1404.jpg,0,1,0,0
2634,1_image_1404.jpg,0,1,0,0
2635,2_image_1404.jpg,0,1,0,0
2636,0_image_1406.jpg,1,0,0,0
2637,1_image_1406.jpg,1,0,0,0
2639,0_image_1408.jpg,0,0,0,1
2640,1_image_1408.jpg,0,0,0,1
2641,2_image_1408.jpg,0,0,0,1
2642,0_image_1417.jpg,0,1,0,0
2643,1_image_1417.jpg,0,1,0,0
2644,2_image_1417.jpg,0,1,0,0
2645,0_image_1426.jpg,0,0,0,1
2646,1_image_1426.jpg,0,0,0,1
2647,2_image_1426.jpg,0,0,0,1
2648,0_image_1431.jpg,0,1,0,0
2649,1_image_1431.jpg,0,1,0,0
2650,2_image_1431.jpg,0,1,0,0
2651,0_image_1433.jpg,0,0,0,1
2652,1_image_1433.jpg,0,0,0,1
2653,2_image_1433.jpg,0,0,0,1
2654,0_image_1437.jpg,0,1,0,0
2655,1_image_1437.jpg,0,1,0,0
2656,2_image_1437.jpg,0,1,0,0
2657,0_image_1439.jpg,0,1,0,0
2658,1_image_1439.jpg,0,1,0,0
2659,2_image_1439.jpg,0,1,0,0
2660,0_image_1445.jpg,0,1,0,0
2661,1_image_1445.jpg,0,1,0,0
2662,2_image_1445.jpg,0,1,0,0
2663,0_image_1458.jpg,0,1,0,0
2664,1_image_1458.jpg,0,1,0,0
2665,2_image_1458.jpg,0,1,0,0
2666,0_image_1460.jpg,0,1,0,0
2667,1_image_1460.jpg,0,1,0,0
2668,2_image_1460.jpg,0,1,0,0
2669,0_image_1461.jpg,0,0,1,0
2670,1_image_1461.jpg,0,0,1,0
2671,2_image_1461.jpg,0,0,1,0
2672,0_image_1465.jpg,0,1,0,0
2673,1_image_1465.jpg,0,1,0,0
2674,2_image_1465.jpg,0,1,0,0
2675,0_image_1467.jpg,0,0,0,1
2676,1_image_1467.jpg,0,0,0,1
2677,2_image_1467.jpg,0,0,0,1
2679,1_image_1477.jpg,1,0,0,0
2681,0_image_1478.jpg,0,1,0,0
2682,1_image_1478.jpg,0,1,0,0
2683,2_image_1478.jpg,0,1,0,0
2684,0_image_1503.jpg,0,1,0,0
2685,1_image_1503.jpg,0,1,0,0
2686,2_image_1503.jpg,0,1,0,0
2687,0_image_1507.jpg,0,1,0,0
2688,1_image_1507.jpg,0,1,0,0
2689,2_image_1507.jpg,0,1,0,0
2690,0_image_1524.jpg,0,1,0,0
2691,1_image_1524.jpg,0,1,0,0
2692,2_image_1524.jpg,0,1,0,0
2693,0_image_1546.jpg,1,0,0,0
2695,2_image_1546.jpg,1,0,0,0
2698,2_image_1548.jpg,1,0,0,0
2699,0_image_1551.jpg,0,0,0,1
2700,1_image_1551.jpg,0,0,0,1
2701,2_image_1551.jpg,0,0,0,1
2702,0_image_1552.jpg,0,0,1,0
2703,1_image_1552.jpg,0,0,1,0
2704,2_image_1552.jpg,0,0,1,0
2708,0_image_1563.jpg,0,0,0,1
2709,1_image_1563.jpg,0,0,0,1
2710,2_image_1563.jpg,0,0,0,1
2711,0_image_1565.jpg,0,0,1,0
2712,1_image_1565.jpg,0,0,1,0
2713,2_image_1565.jpg,0,0,1,0
2714,0_image_1571.jpg,0,1,0,0
2715,1_image_1571.jpg,0,1,0,0
2716,2_image_1571.jpg,0,1,0,0
2717,0_image_1577.jpg,0,0,0,1
2718,1_image_1577.jpg,0,0,0,1
2719,2_image_1577.jpg,0,0,0,1
2720,0_image_1599.jpg,0,1,0,0
2721,1_image_1599.jpg,0,1,0,0
2722,2_image_1599.jpg,0,1,0,0
2723,0_image_1607.jpg,0,1,0,0
2724,1_image_1607.jpg,0,1,0,0
2725,2_image_1607.jpg,0,1,0,0
2726,0_image_1616.jpg,0,1,0,0
2727,1_image_1616.jpg,0,1,0,0
2728,2_image_1616.jpg,0,1,0,0
2729,0_image_1618.jpg,0,1,0,0
2730,1_image_1618.jpg,0,1,0,0
2731,2_image_1618.jpg,0,1,0,0
2732,0_image_1620.jpg,0,0,1,0
2733,1_image_1620.jpg,0,0,1,0
2734,2_image_1620.jpg,0,0,1,0
2735,0_image_1623.jpg,0,1,0,0
2736,1_image_1623.jpg,0,1,0,0
2737,2_image_1623.jpg,0,1,0,0
2738,0_image_1625.jpg,0,1,0,0
2739,1_image_1625.jpg,0,1,0,0
2740,2_image_1625.jpg,0,1,0,0
2741,0_image_1627.jpg,0,1,0,0
2742,1_image_1627.jpg,0,1,0,0
2743,2_image_1627.jpg,0,1,0,0
2744,0_image_1629.jpg,0,1,0,0
2745,1_image_1629.jpg,0,1,0,0
2746,2_image_1629.jpg,0,1,0,0
2747,0_image_1632.jpg,0,0,1,0
2748,1_image_1632.jpg,0,0,1,0
2749,2_image_1632.jpg,0,0,1,0
2750,0_image_1634.jpg,0,0,1,0
2751,1_image_1634.jpg,0,0,1,0
2752,2_image_1634.jpg,0,0,1,0
2753,0_image_1636.jpg,0,0,0,1
2754,1_image_1636.jpg,0,0,0,1
2755,2_image_1636.jpg,0,0,0,1
2756,0_image_1638.jpg,0,1,0,0
2757,1_image_1638.jpg,0,1,0,0
2758,2_image_1638.jpg,0,1,0,0
2759,0_image_1640.jpg,0,0,1,0
2760,1_image_1640.jpg,0,0,1,0
2761,2_image_1640.jpg,0,0,1,0
2762,0_image_1643.jpg,0,1,0,0
2763,1_image_1643.jpg,0,1,0,0
2764,2_image_1643.jpg,0,1,0,0
2765,0_image_1647.jpg,0,0,0,1
2766,1_image_1647.jpg,0,0,0,1
2767,2_image_1647.jpg,0,0,0,1
2768,0_image_1648.jpg,0,1,0,0
2769,1_image_1648.jpg,0,1,0,0
2770,2_image_1648.jpg,0,1,0,0
2771,0_image_1650.jpg,0,0,1,0
2772,1_image_1650.jpg,0,0,1,0
2773,2_image_1650.jpg,0,0,1,0
2774,0_image_1652.jpg,0,0,1,0
2775,1_image_1652.jpg,0,0,1,0
2776,2_image_1652.jpg,0,0,1,0
2777,0_image_1655.jpg,0,0,1,0
2778,1_image_1655.jpg,0,0,1,0
2779,2_image_1655.jpg,0,0,1,0
2780,0_image_1657.jpg,0,0,0,1
2781,1_image_1657.jpg,0,0,0,1
2782,2_image_1657.jpg,0,0,0,1
2783,0_image_1663.jpg,0,1,0,0
2784,1_image_1663.jpg,0,1,0,0
2785,2_image_1663.jpg,0,1,0,0
2786,0_image_1677.jpg,0,1,0,0
2787,1_image_1677.jpg,0,1,0,0
2788,2_image_1677.jpg,0,1,0,0
2789,0_image_1701.jpg,0,1,0,0
2790,1_image_1701.jpg,0,1,0,0
2791,2_image_1701.jpg,0,1,0,0
2792,0_image_1862.jpg,0,1,0,0
2793,1_image_1862.jpg,0,1,0,0
2794,2_image_1862.jpg,0,1,0,0
2795,0_image_1873.jpg,0,0,1,0
2796,1_image_1873.jpg,0,0,1,0
2797,2_image_1873.jpg,0,0,1,0
2798,0_image_1893.jpg,0,1,0,0
2799,1_image_1893.jpg,0,1,0,0
2800,2_image_1893.jpg,0,1,0,0
2801,0_image_1909.jpg,0,1,0,0
2802,1_image_1909.jpg,0,1,0,0
2803,2_image_1909.jpg,0,1,0,0
2813,0_image_2068.jpg,0,1,0,0
2814,1_image_2068.jpg,0,1,0,0
2815,2_image_2068.jpg,0,1,0,0
2816,0_image_2073.jpg,0,1,0,0
2817,1_image_2073.jpg,0,1,0,0
2818,2_image_2073.jpg,0,1,0,0
2820,1_image_2090.jpg,1,0,0,0
2821,2_image_2090.jpg,1,0,0,0
2822,0_image_2161.jpg,0,1,0,0
2823,1_image_2161.jpg,0,1,0,0
2824,2_image_2161.jpg,0,1,0,0
2825,0_image_2226.jpg,0,0,0,1
2826,1_image_2226.jpg,0,0,0,1
2827,2_image_2226.jpg,0,0,0,1
2828,0_image_2381.jpg,0,0,0,1
2829,1_image_2381.jpg,0,0,0,1
2830,2_image_2381.jpg,0,0,0,1
2831,0_image_2386.jpg,0,0,0,1
2832,1_image_2386.jpg,0,0,0,1
2833,2_image_2386.jpg,0,0,0,1
2834,0_image_2388.jpg,0,0,0,1
2835,1_image_2388.jpg,0,0,0,1
2836,2_image_2388.jpg,0,0,0,1
2837,0_image_2390.jpg,0,0,0,1
2838,1_image_2390.jpg,0,0,0,1
2839,2_image_2390.jpg,0,0,0,1
2840,0_image_2392.jpg,0,0,0,1
2841,1_image_2392.jpg,0,0,0,1
2842,2_image_2392.jpg,0,0,0,1
2843,0_image_2394.jpg,0,0,0,1
2844,1_image_2394.jpg,0,0,0,1
2845,2_image_2394.jpg,0,0,0,1
2846,0_image_2396.jpg,0,0,0,1
2847,1_image_2396.jpg,0,0,0,1
2848,2_image_2396.jpg,0,0,0,1
2849,0_image_2398.jpg,0,0,0,1
2850,1_image_2398.jpg,0,0,0,1
2851,2_image_2398.jpg,0,0,0,1
2852,0_image_2400.jpg,0,0,0,1
2853,1_image_2400.jpg,0,0,0,1
2854,2_image_2400.jpg,0,0,0,1
2855,0_image_2403.jpg,0,0,0,1
2856,1_image_2403.jpg,0,0,0,1
2857,2_image_2403.jpg,0,0,0,1
2858,0_image_2407.jpg,1,0,0,0
2860,2_image_2407.jpg,1,0,0,0
2861,0_image_2410.jpg,0,0,0,1
2862,1_image_2410.jpg,0,0,0,1
2863,2_image_2410.jpg,0,0,0,1
2864,0_image_2412.jpg,0,0,0,1
2865,1_image_2412.jpg,0,0,0,1
2866,2_image_2412.jpg,0,0,0,1
2867,0_image_2414.jpg,0,0,0,1
2868,1_image_2414.jpg,0,0,0,1
2869,2_image_2414.jpg,0,0,0,1
2870,0_image_2415.jpg,0,0,0,1
2871,1_image_2415.jpg,0,0,0,1
2872,2_image_2415.jpg,0,0,0,1
2873,0_image_2416.jpg,0,0,0,1
2874,1_image_2416.jpg,0,0,0,1
2875,2_image_2416.jpg,0,0,0,1
2876,0_image_2417.jpg,0,0,0,1
2877,1_image_2417.jpg,0,0,0,1
2878,2_image_2417.jpg,0,0,0,1
2879,0_image_2418.jpg,0,0,0,1
2880,1_image_2418.jpg,0,0,0,1
2881,2_image_2418.jpg,0,0,0,1
2882,0_image_2420.jpg,0,0,0,1
2883,1_image_2420.jpg,0,0,0,1
2884,2_image_2420.jpg,0,0,0,1
2885,0_image_2421.jpg,1,0,0,0
2886,1_image_2421.jpg,1,0,0,0
2890,2_image_2424.jpg,1,0,0,0
2893,2_image_2426.jpg,1,0,0,0
2897,0_image_2430.jpg,0,0,0,1
2898,1_image_2430.jpg,0,0,0,1
2899,2_image_2430.jpg,0,0,0,1
2900,0_image_2431.jpg,0,0,0,1
2901,1_image_2431.jpg,0,0,0,1
2902,2_image_2431.jpg,0,0,0,1
2903,0_image_2432.jpg,0,0,0,1
2904,1_image_2432.jpg,0,0,0,1
2905,2_image_2432.jpg,0,0,0,1
2906,0_image_2433.jpg,0,0,0,1
2907,1_image_2433.jpg,0,0,0,1
2908,2_image_2433.jpg,0,0,0,1
2909,0_image_2434.jpg,0,0,0,1
2910,1_image_2434.jpg,0,0,0,1
2911,2_image_2434.jpg,0,0,0,1
2912,0_image_2436.jpg,0,0,0,1
2913,1_image_2436.jpg,0,0,0,1
2914,2_image_2436.jpg,0,0,0,1
2915,0_image_2438.jpg,0,0,0,1
2916,1_image_2438.jpg,0,0,0,1
2917,2_image_2438.jpg,0,0,0,1
2926,2_image_2444.jpg,1,0,0,0
2930,0_image_2447.jpg,1,0,0,0
2933,0_image_2448.jpg,1,0,0,0
2937,1_image_2449.jpg,1,0,0,0
2941,2_image_2450.jpg,1,0,0,0
2942,0_image_2451.jpg,1,0,0,0
2943,1_image_2451.jpg,1,0,0,0
2944,2_image_2451.jpg,1,0,0,0
2945,0_image_2452.jpg,1,0,0,0
2946,1_image_2452.jpg,1,0,0,0
2950,2_image_2453.jpg,1,0,0,0
2951,0_image_2454.jpg,1,0,0,0
2953,2_image_2454.jpg,1,0,0,0
2959,2_image_2456.jpg,1,0,0,0
2972,0_image_2462.jpg,1,0,0,0
2974,2_image_2462.jpg,1,0,0,0
2976,1_image_2464.jpg,1,0,0,0
2982,1_image_2468.jpg,1,0,0,0
2988,1_image_2471.jpg,1,0,0,0
2989,2_image_2471.jpg,1,0,0,0
2993,0_image_2473.jpg,1,0,0,0
2994,1_image_2473.jpg,1,0,0,0
